PID,B,L,H,Bx,Ly,ReF,MCODE1,MCODE2,MCODE3
1,0,0,-0.77,0.25,-14.35,0,0,0,0
2,0,0,-0.78,-0.48,-13.81,0,0,0,0
3,0,0,-0.78,-0.626214321777617,-13.748260289327,0,0,0,0
4,0,0,-0.78,-0.788307985757581,-13.7148631988326,0,0,0,0
5,0,0,-0.78,-0.960123682917823,-13.7082929508805,0,0,0,0
6,0,0,-0.78,-1.13550410423628,-13.7270337678347,0,0,0,0
7,0,0,-0.78,-1.30829194069088,-13.7695698720588,0,0,0,0
8,0,0,-0.78,-1.47232988325955,-13.8343854859167,0,0,0,0
9,0,0,-0.78,-1.62146062292024,-13.9199648317723,0,0,0,0
10,0,0,-0.78,-1.74952685065087,-14.0247921319893,0,0,0,0
11,0,0,-0.78,-1.85037125742938,-14.1473516089316,0,0,0,0
12,0,0,-0.78,-1.85810481636364,-14.1592378181818,0,0,0,0
13,0,0,-0.78,-2.39306488818182,-14.9814527140909,0,0,0,0
14,0,0,-0.78,-2.49640735267783,-15.1073096665139,0,0,0,0
15,0,0,-0.78,-2.62317537690946,-15.20866409971,0,0,0,0
16,0,0,-0.78,-2.77003312554481,-15.2885591646031,0,0,0,0
17,0,0,-0.78,-2.93088010096779,-15.3457888230061,0,0,0,0
18,0,0,-0.78,-3.09961580556229,-15.3791470367316,0,0,0,0
19,0,0,-0.78,-3.2701397417122,-15.3874277675922,0,0,0,0
20,0,0,-0.78,-3.43635141180141,-15.3694249774005,0,0,0,0
21,0,0,-0.78,-3.59215031821382,-15.3239326279693,0,0,0,0
22,0,0,-0.78,-3.73143596333333,-15.2497446811111,0,0,0,0
23,0,0,-0.78,-3.73143596333333,-15.2497446811111,0,0,0,0
24,0,0,-0.78,-4.53484696666667,-14.6958217522222,0,0,0,0
25,0,0,-0.78,-5.33825797,-14.1418988233333,0,0,0,0
26,0,0,-0.78,-6.14166897333333,-13.5879758944444,0,0,0,0
27,0,0,-0.78,-6.94507997666667,-13.0340529655556,0,0,0,0
28,0,0,-0.78,-7.74849098,-12.4801300366667,0,0,0,0
29,0,0,-0.78,-8.55190198333333,-11.9262071077778,0,0,0,0
30,0,0,-0.78,-9.35531298666667,-11.3722841788889,0,0,0,0
31,0,0,-0.78,-10.15872399,-10.81836125,0,0,0,0
32,0,0,-0.78,-10.9621349933333,-10.2644383211111,0,0,0,0
33,0,0,-0.78,-11.7655459966667,-9.71051539222222,0,0,0,0
34,0,0,-0.78,-12.568957,-9.15659246333333,0,0,0,0
35,0,0,-0.78,-13.3723680033333,-8.60266953444444,0,0,0,0
36,0,0,-0.78,-14.1757790066667,-8.04874660555556,0,0,0,0
37,0,0,-0.78,-14.97919001,-7.49482367666667,0,0,0,0
38,0,0,-0.78,-15.7826010133333,-6.94090074777778,0,0,0,0
39,0,0,-0.78,-16.5860120166667,-6.38697781888889,0,0,0,0
40,0,0,-0.78,-16.9656994174258,-6.11175711290489,0,0,0,0
41,0,0,-0.78,-17.0299824181365,-6.02930928531612,0,0,0,0
42,0,0,-0.78,-17.0822142011319,-5.9337724057384,0,0,0,0
43,0,0,-0.78,-17.1214905341426,-5.82905906459131,0,0,0,0
44,0,0,-0.78,-17.1469071848993,-5.71908185229441,0,0,0,0
45,0,0,-0.78,-17.1575599211327,-5.60775335926725,0,0,0,0
46,0,0,-0.78,-17.1525445105735,-5.49898617592943,0,0,0,0
47,0,0,-0.78,-17.1309567209524,-5.39669289270049,0,0,0,0
48,0,0,-0.78,-17.09189232,-5.3047861,0,0,0,0
49,0,0,-0.78,-17.09189232,-5.3047861,0,0,0,0
50,0,0,-0.78,-16.79436162,-4.77651731,0,0,0,0
51,0,0,-0.78,-16.636546455,-4.164194465,0,0,0,0
52,0,0,-0.78,-16.47873129,-3.55187162,0,0,0,0
53,0,0,-0.78,-16.48505489,-2.919510675,0,0,0,0
54,0,0,-0.78,-16.49137849,-2.28714973,0,0,0,0
55,0,0,-0.78,-16.66213822,-1.680004055,0,0,0,0
56,0,0,-0.78,-16.83289795,-1.07285838,0,0,0,0
57,0,0,-0.78,-17.149805755,-0.53846483,0,0,0,0
58,0,0,-0.78,-17.46671356,-0.00407128000000023,0,0,0,0
59,0,0,-0.78,-17.884693125,0.438138985,0,0,0,0
60,0,0,-0.78,-17.9465994946571,0.518477039439147,0,0,0,0
61,0,0,-0.78,-18.0017949399485,0.618812002123272,0,0,0,0
62,0,0,-0.78,-18.0491745132798,0.734091449163389,0,0,0,0
63,0,0,-0.78,-18.087633267057,0.859262956670514,0,0,0,0
64,0,0,-0.78,-18.1160662536858,0.98927410075566,0,0,0,0
65,0,0,-0.78,-18.133368525572,1.11907245752984,0,0,0,0
66,0,0,-0.78,-18.1384351351213,1.24360560310408,0,0,0,0
67,0,0,-0.78,-18.1301611347395,1.35782111358938,0,0,0,0
68,0,0,-0.78,-18.1074415768325,1.45666656509677,0,0,0,0
69,0,0,-0.78,-17.99202291,1.79737955444444,0,0,0,0
70,0,0,-0.78,-17.46731554,2.56411410888889,0,0,0,0
71,0,0,-0.78,-16.94260817,3.33084866333333,0,0,0,0
72,0,0,-0.78,-16.4179008,4.09758321777778,0,0,0,0
73,0,0,-0.78,-15.89319343,4.86431777222222,0,0,0,0
74,0,0,-0.78,-15.36848606,5.63105232666667,0,0,0,0
75,0,0,-0.78,-14.84377869,6.39778688111111,0,0,0,0
76,0,0,-0.78,-14.31907132,7.16452143555555,0,0,0,0
77,0,0,-0.78,-14.0686900706806,7.51418145978682,0,0,0,0
78,0,0,-0.78,-13.9838921510087,7.59249348998341,0,0,0,0
79,0,0,-0.78,-13.8819583778614,7.67101394722868,0,0,0,0
80,0,0,-0.78,-13.768055901846,7.7467482311883,0,0,0,0
81,0,0,-0.78,-13.6473518735695,7.81670174152793,0,0,0,0
82,0,0,-0.78,-13.5250134436395,7.87787987791325,0,0,0,0
83,0,0,-0.78,-13.406207762663,7.92728804000993,0,0,0,0
84,0,0,-0.78,-13.2961019812474,7.96193162748362,0,0,0,0
85,0,0,-0.78,-13.19986325,7.97881604,0,0,0,0
86,0,0,-0.78,-13.19986325,7.97881604,0,0,0,0
87,0,0,-0.78,-12.646890705,8.102952735,0,0,0,0
88,0,0,-0.78,-12.09391816,8.22708943,0,0,0,0
89,0,0,-0.78,-11.570815015,8.410732025,0,0,0,0
90,0,0,-0.78,-11.04771187,8.59437462,0,0,0,0
91,0,0,-0.78,-10.55308916,8.830694355,0,0,0,0
92,0,0,-0.78,-10.05846645,9.06701409,0,0,0,0
93,0,0,-0.78,-9.58891182,9.34547091,0,0,0,0
94,0,0,-0.78,-9.11935719,9.62392773,0,0,0,0
95,0,0,-0.78,-8.673802605,9.94846749,0,0,0,0
96,0,0,-0.78,-8.22824802,10.27300725,0,0,0,0
97,0,0,-0.78,-7.8227647,10.640134035,0,0,0,0
98,0,0,-0.78,-7.41728138,11.00726082,0,0,0,0
99,0,0,-0.78,-7.047019585,11.40474774,0,0,0,0
100,0,0,-0.78,-6.67675779,11.80223466,0,0,0,0
101,0,0,-0.78,-6.340552605,12.237647945,0,0,0,0
102,0,0,-0.78,-6.27697119701324,12.3040081577304,0,0,0,0
103,0,0,-0.78,-6.19677319019611,12.362561920365,0,0,0,0
104,0,0,-0.78,-6.10382164159036,12.4122655686852,0,0,0,0
105,0,0,-0.78,-6.00197960823777,12.4520754384724,0,0,0,0
106,0,0,-0.78,-5.8951101471801,12.4809478655079,0,0,0,0
107,0,0,-0.78,-5.78707631545911,12.497839185573,0,0,0,0
108,0,0,-0.78,-5.68174117011656,12.5017057344491,0,0,0,0
109,0,0,-0.78,-5.58296776819422,12.4915038479175,0,0,0,0
110,0,0,-0.78,-5.49461916673386,12.4661898617597,0,0,0,0
111,0,0,-0.78,-5.11110123684211,12.3105404968421,0,0,0,0
112,0,0,-0.78,-4.33597913368421,11.7535693636842,0,0,0,0
113,0,0,-0.78,-3.56085703052632,11.1965982305263,0,0,0,0
114,0,0,-0.78,-2.78573492736842,10.6396270973684,0,0,0,0
115,0,0,-0.78,-2.01061282421053,10.0826559642105,0,0,0,0
116,0,0,-0.78,-1.23549072105263,9.52568483105263,0,0,0,0
117,0,0,-0.78,-0.460368617894737,8.96871369789474,0,0,0,0
118,0,0,-0.78,0.314753485263157,8.41174256473684,0,0,0,0
119,0,0,-0.78,1.08987558842105,7.85477143157895,0,0,0,0
120,0,0,-0.78,1.86499769157895,7.29780029842105,0,0,0,0
121,0,0,-0.78,2.64011979473684,6.74082916526316,0,0,0,0
122,0,0,-0.78,3.41524189789474,6.18385803210526,0,0,0,0
123,0,0,-0.78,4.19036400105263,5.62688689894737,0,0,0,0
124,0,0,-0.78,4.96548610421053,5.06991576578947,0,0,0,0
125,0,0,-0.78,5.74060820736842,4.51294463263158,0,0,0,0
126,0,0,-0.78,6.51573031052631,3.95597349947368,0,0,0,0
127,0,0,-0.78,7.29085241368421,3.39900236631579,0,0,0,0
128,0,0,-0.78,8.0659745168421,2.8420312331579,0,0,0,0
129,0,0,-0.78,8.18187169913379,2.73720814480766,0,0,0,0
130,0,0,-0.78,8.27854138207721,2.60663758542728,0,0,0,0
131,0,0,-0.78,8.35483715278953,2.4564302672798,0,0,0,0
132,0,0,-0.78,8.40961259838792,2.29269690262826,0,0,0,0
133,0,0,-0.78,8.44172130598953,2.12154820373568,0,0,0,0
134,0,0,-0.78,8.45001686271152,1.9490948828651,0,0,0,0
135,0,0,-0.78,8.43335285567107,1.78144765227956,0,0,0,0
136,0,0,-0.78,8.39058287198532,1.6247172242421,0,0,0,0
137,0,0,-0.78,8.32056049877145,1.48501431101574,0,0,0,0
138,0,0,-0.78,8.30613654818182,1.46284520409091,0,0,0,0
139,0,0,-0.78,7.77117647636364,0.640630308181818,0,0,0,0
140,0,0,-0.78,7.23621640454545,-0.181584587727273,0,0,0,0
141,0,0,-0.78,6.70125633272727,-1.00379948363636,0,0,0,0
142,0,0,-0.78,6.16629626090909,-1.82601437954545,0,0,0,0
143,0,0,-0.78,5.63133618909091,-2.64822927545455,0,0,0,0
144,0,0,-0.78,5.09637611727273,-3.47044417136364,0,0,0,0
145,0,0,-0.78,4.56141604545455,-4.29265906727273,0,0,0,0
146,0,0,-0.78,4.02645597363636,-5.11487396318182,0,0,0,0
147,0,0,-0.78,3.49149590181818,-5.93708885909091,0,0,0,0
148,0,0,-0.78,2.95653583,-6.759303755,0,0,0,0
149,0,0,-0.78,2.42157575818182,-7.58151865090909,0,0,0,0
150,0,0,-0.78,1.88661568636364,-8.40373354681818,0,0,0,0
151,0,0,-0.78,1.35165561454545,-9.22594844272727,0,0,0,0
152,0,0,-0.78,0.816695542727274,-10.0481633386364,0,0,0,0
153,0,0,-0.78,0.281735470909091,-10.8703782345455,0,0,0,0
154,0,0,-0.78,-0.242823435904999,-11.6766069040954,0,0,0,0
155,0,0,-0.78,-0.242823435904999,-11.6766069040954,0,0,0,0
156,0,0,-0.78,-0.242823435904999,-11.6766069040954,0,0,0,0
157,0,0,-0.78,-0.242823435904999,-11.6766069040954,0,0,0,0
158,0,0,-0.78,-0.242823435904999,-11.6766069040954,0,0,0,0
159,0,0,-0.78,-0.242823435904999,-11.6766069040954,0,0,0,0
160,0,0,-0.78,-0.242823435904999,-11.6766069040954,0,0,0,0
161,0,0,-0.78,-0.242823435904999,-11.6766069040954,0,0,0,0
162,0,0,-0.78,-0.242823435904999,-11.6766069040954,0,0,0,0
163,0,0,-0.78,-0.25308731599768,-11.6922440818543,0,0,0,0
164,0,0,-0.78,-0.25310198094676,-11.6918950246385,0,0,0,0
165,0,0,-0.78,-0.253240593370354,-11.6915667342731,0,0,0,0
166,0,0,-0.78,-0.253475150882484,-11.6912799862243,0,0,0,0
167,0,0,-0.78,-0.253777651097172,-11.691055555958,0,0,0,0
168,0,0,-0.78,-0.254120091628441,-11.6909142189403,0,0,0,0
169,0,0,-0.78,-0.254474470090313,-11.6908767506373,0,0,0,0
170,0,0,-0.78,-0.254812784096811,-11.690963926515,0,0,0,0
171,0,0,-0.78,-0.255107031261957,-11.6911965220395,0,0,0,0
172,0,0,-0.78,-0.433341585685099,-11.9028913864418,0,0,0,0
173,0,0,-0.78,-0.639750393728281,-12.0506967674453,0,0,0,0
174,0,0,-0.78,-0.857509671959379,-12.1424456474896,0,0,0,0
175,0,0,-0.78,-1.08207923230323,-12.2005606269585,0,0,0,0
176,0,0,-0.78,-1.30891888668466,-12.2474643062356,0,0,0,0
177,0,0,-0.78,-1.5334884470285,-12.3055792857044,0,0,0,0
178,0,0,-0.78,-1.7512477252596,-12.3973281657488,0,0,0,0
179,0,0,-0.78,-1.95765653330278,-12.5451335467523,0,0,0,0
180,0,0,-0.78,-2.13555375827321,-12.7563047053762,0,0,0,0
181,0,0,-0.78,-2.13590989403296,-12.7563964735171,0,0,0,0
182,0,0,-0.78,-2.13628294049375,-12.7563570314534,0,0,0,0
183,0,0,-0.78,-2.13664342015591,-12.7562082490642,0,0,0,0
184,0,0,-0.78,-2.13696185551982,-12.7559719962284,0,0,0,0
185,0,0,-0.78,-2.13720876908583,-12.7556701428251,0,0,0,0
186,0,0,-0.78,-2.13735468335429,-12.7553245587333,0,0,0,0
187,0,0,-0.78,-2.13737012082556,-12.7549571138319,0,0,0,0
188,0,0,-0.78,-2.137225604,-12.754589678,0,0,0,0
189,0,0,-0.78,-2.14817468308288,-12.7714180290986,0,0,0,0
190,0,0,-0.78,-2.14817468308288,-12.7714180290986,0,0,0,0
191,0,0,-0.78,-2.14817468308288,-12.7714180290986,0,0,0,0
192,0,0,-0.78,-2.14817468308288,-12.7714180290986,0,0,0,0
193,0,0,-0.78,-2.14817468308288,-12.7714180290986,0,0,0,0
194,0,0,-0.78,-2.14817468308288,-12.7714180290986,0,0,0,0
195,0,0,-0.78,-2.14817468308288,-12.7714180290986,0,0,0,0
196,0,0,-0.78,-2.14817468308288,-12.7714180290986,0,0,0,0
197,0,0,-0.78,-2.14817468308288,-12.7714180290986,0,0,0,0
198,0,0,-0.78,-2.671637762,-13.575962449,0,0,0,0
199,0,0,-0.78,-2.77411828788892,-13.7004706395192,0,0,0,0
200,0,0,-0.78,-2.90097854256586,-13.8018988133564,0,0,0,0
201,0,0,-0.78,-3.04794313797013,-13.881852006057,0,0,0,0
202,0,0,-0.78,-3.20890713805183,-13.9391233019799,0,0,0,0
203,0,0,-0.78,-3.37776560676104,-13.9725057854845,0,0,0,0
204,0,0,-0.78,-3.54841360804787,-13.9807925409296,0,0,0,0
205,0,0,-0.78,-3.71474620586241,-13.9627766526745,0,0,0,0
206,0,0,-0.78,-3.87065846415475,-13.9172512050783,0,0,0,0
207,0,0,-0.78,-4.010045446875,-13.8430092825,0,0,0,0
208,0,0,-0.78,-4.010045446875,-13.8430092825,0,0,0,0
209,0,0,-0.78,-4.81404097375,-13.288683345,0,0,0,0
210,0,0,-0.78,-5.618036500625,-12.7343574075,0,0,0,0
211,0,0,-0.78,-6.4220320275,-12.18003147,0,0,0,0
212,0,0,-0.78,-7.226027554375,-11.6257055325,0,0,0,0
213,0,0,-0.78,-8.03002308125,-11.071379595,0,0,0,0
214,0,0,-0.78,-8.834018608125,-10.5170536575,0,0,0,0
215,0,0,-0.78,-9.638014135,-9.96272772,0,0,0,0
216,0,0,-0.78,-10.442009661875,-9.4084017825,0,0,0,0
217,0,0,-0.78,-11.24600518875,-8.854075845,0,0,0,0
218,0,0,-0.78,-12.050000715625,-8.2997499075,0,0,0,0
219,0,0,-0.78,-12.8539962425,-7.74542397,0,0,0,0
220,0,0,-0.78,-13.657991769375,-7.1910980325,0,0,0,0
221,0,0,-0.78,-14.46198729625,-6.636772095,0,0,0,0
222,0,0,-0.78,-15.265982823125,-6.0824461575,0,0,0,0
223,0,0,-0.78,-15.7691227538966,-5.72600658508636,0,0,0,0
224,0,0,-0.78,-15.8147654803614,-5.66746632396872,0,0,0,0
225,0,0,-0.78,-15.8518515055421,-5.599632470251,0,0,0,0
226,0,0,-0.78,-15.8797387992662,-5.52528307244492,0,0,0,0
227,0,0,-0.78,-15.8977853313611,-5.44719617906223,0,0,0,0
228,0,0,-0.78,-15.9053490716545,-5.36814983861466,0,0,0,0
229,0,0,-0.78,-15.9017879899738,-5.29092209961394,0,0,0,0
230,0,0,-0.78,-15.8864600561464,-5.21829101057181,0,0,0,0
231,0,0,-0.78,-15.85872324,-5.15303462,0,0,0,0
232,0,0,-0.78,-15.85872324,-5.15303462,0,0,0,0
233,0,0,-0.78,-15.66809291,-4.413388925,0,0,0,0
234,0,0,-0.78,-15.47746258,-3.67374323,0,0,0,0
235,0,0,-0.78,-15.485109785,-2.90902134,0,0,0,0
236,0,0,-0.78,-15.49275699,-2.14429945,0,0,0,0
237,0,0,-0.78,-15.699276445,-1.410008105,0,0,0,0
238,0,0,-0.78,-15.9057959,-0.675716760000001,0,0,0,0
239,0,0,-0.78,-16.28461151,-0.0369296600000011,0,0,0,0
240,0,0,-0.78,-16.66342712,0.601857439999999,0,0,0,0
241,0,0,-0.78,-16.742952218636,0.706620700444194,0,0,0,0
242,0,0,-0.78,-16.8062908922124,0.832135158610921,0,0,0,0
243,0,0,-0.78,-16.8530078192766,0.972870179310842,0,0,0,0
244,0,0,-0.78,-16.882667678376,1.12329512735462,0,0,0,0
245,0,0,-0.78,-16.894835148058,1.27787936755292,0,0,0,0
246,0,0,-0.78,-16.8890749068701,1.43109226471639,0,0,0,0
247,0,0,-0.78,-16.8649516333597,1.57740318365571,0,0,0,0
248,0,0,-0.78,-16.8220300060742,1.71128148918154,0,0,0,0
249,0,0,-0.78,-16.759874703561,1.82719654610453,0,0,0,0
250,0,0,-0.78,-16.70988505625,1.90024448125,0,0,0,0
251,0,0,-0.78,-16.2140054625,2.6248541225,0,0,0,0
252,0,0,-0.78,-15.71812586875,3.34946376375,0,0,0,0
253,0,0,-0.78,-15.222246275,4.074073405,0,0,0,0
254,0,0,-0.78,-14.72636668125,4.79868304625,0,0,0,0
255,0,0,-0.78,-14.2304870875,5.5232926875,0,0,0,0
256,0,0,-0.78,-13.73460749375,6.24790232875,0,0,0,0
257,0,0,-0.78,-13.3259406162937,6.83991722268284,0,0,0,0
258,0,0,-0.78,-13.2989819843883,6.86481388527367,0,0,0,0
259,0,0,-0.78,-13.2665755871619,6.88977681019544,0,0,0,0
260,0,0,-0.78,-13.2303641454707,6.91385396550751,0,0,0,0
261,0,0,-0.78,-13.1919903801704,6.93609331926923,0,0,0,0
262,0,0,-0.78,-13.1530970121173,6.95554283953998,0,0,0,0
263,0,0,-0.78,-13.1153267621671,6.97125049437911,0,0,0,0
264,0,0,-0.78,-13.080322351176,6.982264251846,0,0,0,0
265,0,0,-0.78,-13.0497265,6.98763208,0,0,0,0
266,0,0,-0.78,-13.0497265,6.98763208,0,0,0,0
267,0,0,-0.78,-12.43378141,7.12590547,0,0,0,0
268,0,0,-0.78,-11.81783632,7.26417886,0,0,0,0
269,0,0,-0.78,-11.24163003,7.46646405,0,0,0,0
270,0,0,-0.78,-10.66542374,7.66874924,0,0,0,0
271,0,0,-0.78,-10.126178315,7.926388715,0,0,0,0
272,0,0,-0.78,-9.58693289,8.18402819,0,0,0,0
273,0,0,-0.78,-9.077823635,8.485941825,0,0,0,0
274,0,0,-0.78,-8.56871438,8.78785546,0,0,0,0
275,0,0,-0.78,-8.08260521,9.14193498,0,0,0,0
276,0,0,-0.78,-7.59649604,9.4960145,0,0,0,0
277,0,0,-0.78,-7.155529405,9.895268065,0,0,0,0
278,0,0,-0.78,-6.71456277,10.29452163,0,0,0,0
279,0,0,-0.78,-6.314039175,10.72449548,0,0,0,0
280,0,0,-0.78,-5.91351558,11.15446933,0,0,0,0
281,0,0,-0.78,-5.86717433954027,11.2022564215526,0,0,0,0
282,0,0,-0.78,-5.8102143444509,11.24134129118,0,0,0,0
283,0,0,-0.78,-5.74525037730962,11.2713418558975,0,0,0,0
284,0,0,-0.78,-5.67489722069414,11.2918760327204,0,0,0,0
285,0,0,-0.78,-5.60176965718216,11.3025617386638,0,0,0,0
286,0,0,-0.78,-5.52848246935141,11.3030168907433,0,0,0,0
287,0,0,-0.78,-5.45765043977961,11.2928594059739,0,0,0,0
288,0,0,-0.78,-5.39188835104446,11.271707201371,0,0,0,0
289,0,0,-0.78,-5.33381098572367,11.2391781939499,0,0,0,0
290,0,0,-0.78,-4.89124320235294,10.9211670329412,0,0,0,0
291,0,0,-0.78,-4.11790342470588,10.3654766058824,0,0,0,0
292,0,0,-0.78,-3.34456364705882,9.80978617882353,0,0,0,0
293,0,0,-0.78,-2.57122386941176,9.25409575176471,0,0,0,0
294,0,0,-0.78,-1.7978840917647,8.69840532470588,0,0,0,0
295,0,0,-0.78,-1.02454431411765,8.14271489764706,0,0,0,0
296,0,0,-0.78,-0.251204536470587,7.58702447058823,0,0,0,0
297,0,0,-0.78,0.522135241176471,7.03133404352941,0,0,0,0
298,0,0,-0.78,1.29547501882353,6.47564361647059,0,0,0,0
299,0,0,-0.78,2.06881479647059,5.91995318941176,0,0,0,0
300,0,0,-0.78,2.84215457411765,5.36426276235294,0,0,0,0
301,0,0,-0.78,3.61549435176471,4.80857233529412,0,0,0,0
302,0,0,-0.78,4.38883412941176,4.25288190823529,0,0,0,0
303,0,0,-0.78,5.16217390705882,3.69719148117647,0,0,0,0
304,0,0,-0.78,5.93551368470588,3.14150105411765,0,0,0,0
305,0,0,-0.78,6.70885346235294,2.58581062705882,0,0,0,0
306,0,0,-0.78,6.82448414919967,2.48122857018303,0,0,0,0
307,0,0,-0.78,6.92093154864009,2.35095824633643,0,0,0,0
308,0,0,-0.78,6.99705188386914,2.20109631673491,0,0,0,0
309,0,0,-0.78,7.05170137808176,2.03773944259441,0,0,0,0
310,0,0,-0.78,7.0837362544729,1.86698428513083,0,0,0,0
311,0,0,-0.78,7.0920127362375,1.69492750556009,0,0,0,0
312,0,0,-0.78,7.0753870465705,1.52766576509812,0,0,0,0
313,0,0,-0.78,7.03271540866686,1.37129572496082,0,0,0,0
314,0,0,-0.78,6.96285404572151,1.23191404636412,0,0,0,0
315,0,0,-0.78,6.947781082,1.208747429,0,0,0,0
316,0,0,-0.78,6.413368924,0.387374657999999,0,0,0,0
317,0,0,-0.78,5.878956766,-0.433998113000001,0,0,0,0
318,0,0,-0.78,5.344544608,-1.255370884,0,0,0,0
319,0,0,-0.78,4.81013245,-2.076743655,0,0,0,0
320,0,0,-0.78,4.275720292,-2.898116426,0,0,0,0
321,0,0,-0.78,3.741308134,-3.719489197,0,0,0,0
322,0,0,-0.78,3.206895976,-4.540861968,0,0,0,0
323,0,0,-0.78,2.672483818,-5.362234739,0,0,0,0
324,0,0,-0.78,2.13807166,-6.18360751,0,0,0,0
325,0,0,-0.78,1.603659502,-7.004980281,0,0,0,0
326,0,0,-0.78,1.069247344,-7.826353052,0,0,0,0
327,0,0,-0.78,0.534835186000001,-8.647725823,0,0,0,0
328,0,0,-0.78,0.000423028000001935,-9.469098594,0,0,0,0
329,0,0,-0.78,-0.523040050917114,-10.2736430139014,0,0,0,0
330,0,0,-0.78,-0.523040050917114,-10.2736430139014,0,0,0,0
331,0,0,-0.78,-0.523040050917114,-10.2736430139014,0,0,0,0
332,0,0,-0.78,-0.523040050917114,-10.2736430139014,0,0,0,0
333,0,0,-0.78,-0.523040050917114,-10.2736430139014,0,0,0,0
334,0,0,-0.78,-0.523040050917114,-10.2736430139014,0,0,0,0
335,0,0,-0.78,-0.523040050917114,-10.2736430139014,0,0,0,0
336,0,0,-0.78,-0.523040050917114,-10.2736430139014,0,0,0,0
337,0,0,-0.78,-0.523040050917114,-10.2736430139014,0,0,0,0
338,0,0,-0.78,-0.533844530387003,-10.2901037256419,0,0,0,0
339,0,0,-0.78,-0.533859968289364,-10.2897360750484,0,0,0,0
340,0,0,-0.78,-0.53400595209347,-10.2893902951557,0,0,0,0
341,0,0,-0.78,-0.534252990185709,-10.2890882679001,0,0,0,0
342,0,0,-0.78,-0.53457159095247,-10.2888518752177,0,0,0,0
343,0,0,-0.78,-0.53493226278014,-10.2887029990447,0,0,0,0
344,0,0,-0.78,-0.535305514055108,-10.2886635213174,0,0,0,0
345,0,0,-0.78,-0.53566185316376,-10.2887553239718,0,0,0,0
346,0,0,-0.78,-0.535971788492486,-10.2890002889443,0,0,0,0
347,0,0,-0.78,-0.71354803923533,-10.4998835757304,0,0,0,0
348,0,0,-0.78,-0.919939086822067,-10.6476545842362,0,0,0,0
349,0,0,-0.78,-1.13767517674346,-10.7393759117968,0,0,0,0
350,0,0,-0.78,-1.36221829206565,-10.7974674307903,0,0,0,0
351,0,0,-0.78,-1.58903041585478,-10.8443490135948,0,0,0,0
352,0,0,-0.78,-1.81357353117697,-10.9024405325883,0,0,0,0
353,0,0,-0.78,-2.03130962109836,-10.9941618601489,0,0,0,0
354,0,0,-0.78,-2.2377006686851,-11.1419328686547,0,0,0,0
355,0,0,-0.78,-2.41481487392373,-11.3521368139245,0,0,0,0
356,0,0,-0.78,-2.41519300761926,-11.3522342314578,0,0,0,0
357,0,0,-0.78,-2.4155890878713,-11.3521923391744,0,0,0,0
358,0,0,-0.78,-2.41597181928573,-11.3520343573641,0,0,0,0
359,0,0,-0.78,-2.41630990646845,-11.3517835063168,0,0,0,0
360,0,0,-0.78,-2.41657205402534,-11.3514630063225,0,0,0,0
361,0,0,-0.78,-2.4167269665623,-11.3510960776709,0,0,0,0
362,0,0,-0.78,-2.41674334868523,-11.350705940652,0,0,0,0
363,0,0,-0.78,-2.416589905,-11.3503158155556,0,0,0,0
364,0,0,-0.78,-2.42820865700332,-11.3681734304837,0,0,0,0
365,0,0,-0.78,-2.42820865700332,-11.3681734304838,0,0,0,0
366,0,0,-0.78,-2.42820865700332,-11.3681734304838,0,0,0,0
367,0,0,-0.78,-2.42820865700332,-11.3681734304838,0,0,0,0
368,0,0,-0.78,-2.42820865700332,-11.3681734304838,0,0,0,0
369,0,0,-0.78,-2.42820865700332,-11.3681734304837,0,0,0,0
370,0,0,-0.78,-2.42820865700332,-11.3681734304838,0,0,0,0
371,0,0,-0.78,-2.42820865700332,-11.3681734304838,0,0,0,0
372,0,0,-0.78,-2.42820865700332,-11.3681734304838,0,0,0,0
373,0,0,-0.78,-2.95033239,-12.1706593227778,0,0,0,0
374,0,0,-0.78,-3.0512025687246,-12.2926205959779,0,0,0,0
375,0,0,-0.78,-3.17833910360106,-12.3942696632402,0,0,0,0
376,0,0,-0.78,-3.32562376305959,-12.4743969804672,0,0,0,0
377,0,0,-0.78,-3.48693831553042,-12.5317930035612,0,0,0,0
378,0,0,-0.78,-3.65616452944377,-12.5652481884245,0,0,0,0
379,0,0,-0.78,-3.82718417322986,-12.5735529909596,0,0,0,0
380,0,0,-0.78,-3.99387901531892,-12.5554978670688,0,0,0,0
381,0,0,-0.78,-4.15013082414116,-12.5098732726544,0,0,0,0
382,0,0,-0.78,-4.28982136812682,-12.4354696636189,0,0,0,0
383,0,0,-0.78,-4.29449831214286,-12.4322450792857,0,0,0,0
384,0,0,-0.78,-5.10492174928571,-11.8734873285714,0,0,0,0
385,0,0,-0.78,-5.91534518642857,-11.3147295778571,0,0,0,0
386,0,0,-0.78,-6.72576862357143,-10.7559718271429,0,0,0,0
387,0,0,-0.78,-7.53619206071428,-10.1972140764286,0,0,0,0
388,0,0,-0.78,-8.34661549785714,-9.63845632571429,0,0,0,0
389,0,0,-0.78,-9.157038935,-9.079698575,0,0,0,0
390,0,0,-0.78,-9.96746237214286,-8.52094082428572,0,0,0,0
391,0,0,-0.78,-10.7778858092857,-7.96218307357143,0,0,0,0
392,0,0,-0.78,-11.5883092464286,-7.40342532285714,0,0,0,0
393,0,0,-0.78,-12.3987326835714,-6.84466757214286,0,0,0,0
394,0,0,-0.78,-13.2091561207143,-6.28590982142857,0,0,0,0
395,0,0,-0.78,-14.0195795578571,-5.72715207071429,0,0,0,0
396,0,0,-0.78,-14.3365176968087,-5.49361408822671,0,0,0,0
397,0,0,-0.78,-14.4198090252223,-5.39364645171489,0,0,0,0
398,0,0,-0.78,-14.4944130768664,-5.27592828358193,0,0,0,0
399,0,0,-0.78,-14.5584279563023,-5.14555148515387,0,0,0,0
400,0,0,-0.78,-14.6099517680912,-5.00760795775682,0,0,0,0
401,0,0,-0.78,-14.6470826167943,-4.86718960271683,0,0,0,0
402,0,0,-0.78,-14.6679186069726,-4.72938832135998,0,0,0,0
403,0,0,-0.78,-14.6705578431875,-4.59929601501234,0,0,0,0
404,0,0,-0.78,-14.65309843,-4.482004585,0,0,0,0
405,0,0,-0.78,-14.65309843,-4.482004585,0,0,0,0
406,0,0,-0.78,-14.476193865,-3.79561485,0,0,0,0
407,0,0,-0.78,-14.485164675,-2.89853201,0,0,0,0
408,0,0,-0.78,-14.494135485,-2.00144917,0,0,0,0
409,0,0,-0.78,-14.736414665,-1.140012155,0,0,0,0
410,0,0,-0.78,-14.978693845,-0.278575140000001,0,0,0,0
411,0,0,-0.78,-15.419417255,0.464605509999999,0,0,0,0
412,0,0,-0.78,-15.4800652395883,0.594817926784645,0,0,0,0
413,0,0,-0.78,-15.5264022882374,0.751840601493252,0,0,0,0
414,0,0,-0.78,-15.5583194454301,0.928073641925868,0,0,0,0
415,0,0,-0.78,-15.5757077556488,1.11591715588254,0,0,0,0
416,0,0,-0.78,-15.5784582633762,1.30777125116332,0,0,0,0
417,0,0,-0.78,-15.5664620130947,1.49603603556826,0,0,0,0
418,0,0,-0.78,-15.539610049287,1.67311161689741,0,0,0,0
419,0,0,-0.78,-15.4977934164356,1.83139810295081,0,0,0,0
420,0,0,-0.78,-15.4409031590231,1.96329560152852,0,0,0,0
421,0,0,-0.78,-15.3804954683333,2.07215652166667,0,0,0,0
422,0,0,-0.78,-14.8359561316667,2.86787076333333,0,0,0,0
423,0,0,-0.78,-14.291416795,3.663585005,0,0,0,0
424,0,0,-0.78,-13.7468774583333,4.45929924666667,0,0,0,0
425,0,0,-0.78,-13.2023381216667,5.25501348833333,0,0,0,0
426,0,0,-0.78,-12.657798785,6.05072773,0,0,0,0
427,0,0,-0.78,-12.09977663,6.17599801,0,0,0,0
428,0,0,-0.78,-11.541754475,6.30126829,0,0,0,0
429,0,0,-0.78,-10.91244504,6.52219607,0,0,0,0
430,0,0,-0.78,-10.283135605,6.74312385,0,0,0,0
431,0,0,-0.78,-9.699267465,7.02208307,0,0,0,0
432,0,0,-0.78,-9.115399325,7.30104229,0,0,0,0
433,0,0,-0.78,-8.566735445,7.62641274,0,0,0,0
434,0,0,-0.78,-8.018071565,7.95178319,0,0,0,0
435,0,0,-0.78,-7.49140781,8.33540247,0,0,0,0
436,0,0,-0.78,-6.964744055,8.71902175,0,0,0,0
437,0,0,-0.78,-6.488294105,9.150402095,0,0,0,0
438,0,0,-0.78,-6.011844155,9.58178244,0,0,0,0
439,0,0,-0.78,-5.91813068185566,9.66245297819103,0,0,0,0
440,0,0,-0.78,-5.80514903715798,9.72719176128565,0,0,0,0
441,0,0,-0.78,-5.67790356566568,9.77550231342866,0,0,0,0
442,0,0,-0.78,-5.54139861213753,9.80688815876485,0,0,0,0
443,0,0,-0.78,-5.40063852133228,9.82085282143901,0,0,0,0
444,0,0,-0.78,-5.26062763800868,9.81689982559594,0,0,0,0
445,0,0,-0.78,-5.12637030692548,9.79453269538044,0,0,0,0
446,0,0,-0.78,-5.00287087284145,9.75325495493729,0,0,0,0
447,0,0,-0.78,-4.89513368051533,9.69257012841131,0,0,0,0
448,0,0,-0.78,-4.72722837833333,9.57192022533333,0,0,0,0
449,0,0,-0.78,-3.95219136166667,9.01501023066666,0,0,0,0
450,0,0,-0.78,-3.177154345,8.458100236,0,0,0,0
451,0,0,-0.78,-2.40211732833333,7.90119024133333,0,0,0,0
452,0,0,-0.78,-1.62708031166667,7.34428024666667,0,0,0,0
453,0,0,-0.78,-0.852043294999999,6.787370252,0,0,0,0
454,0,0,-0.78,-0.0770062783333323,6.23046025733333,0,0,0,0
455,0,0,-0.78,0.698030738333335,5.67355026266666,0,0,0,0
456,0,0,-0.78,1.473067755,5.116640268,0,0,0,0
457,0,0,-0.78,2.24810477166667,4.55973027333333,0,0,0,0
458,0,0,-0.78,3.02314178833333,4.00282027866667,0,0,0,0
459,0,0,-0.78,3.798178805,3.445910284,0,0,0,0
460,0,0,-0.78,4.57321582166667,2.88900028933333,0,0,0,0
461,0,0,-0.78,5.34825283833333,2.33209029466667,0,0,0,0
462,0,0,-0.78,5.46413729838534,2.22727871272403,0,0,0,0
463,0,0,-0.78,5.56079636970495,2.09672248608439,0,0,0,0
464,0,0,-0.78,5.63708376525565,1.9465316562342,0,0,0,0
465,0,0,-0.78,5.69185319800092,1.78281626465991,0,0,0,0
466,0,0,-0.78,5.72395838090426,1.61168635284796,0,0,0,0
467,0,0,-0.78,5.73225302692915,1.43925196228481,0,0,0,0
468,0,0,-0.78,5.71559084903909,1.27162313445691,0,0,0,0
469,0,0,-0.78,5.67282556019756,1.1149099108507,0,0,0,0
470,0,0,-0.78,5.60281087336805,0.975222332952633,0,0,0,0
471,0,0,-0.78,5.58954737,0.954836792777777,0,0,0,0
472,0,0,-0.78,5.055804885,0.134493285555554,0,0,0,0
473,0,0,-0.78,4.5220624,-0.685850221666668,0,0,0,0
474,0,0,-0.78,3.988319915,-1.50619372888889,0,0,0,0
475,0,0,-0.78,3.45457743,-2.32653723611111,0,0,0,0
476,0,0,-0.78,2.920834945,-3.14688074333333,0,0,0,0
477,0,0,-0.78,2.38709246,-3.96722425055556,0,0,0,0
478,0,0,-0.78,1.853349975,-4.78756775777778,0,0,0,0
479,0,0,-0.78,1.31960749,-5.607911265,0,0,0,0
480,0,0,-0.78,0.785865005000001,-6.42825477222222,0,0,0,0
481,0,0,-0.78,0.25212252,-7.24859827944445,0,0,0,0
482,0,0,-0.78,-0.281619964999999,-8.06894178666667,0,0,0,0
483,0,0,-0.78,-0.803743697996683,-8.8714276789607,0,0,0,0
484,0,0,-0.78,-0.803743697996683,-8.8714276789607,0,0,0,0
485,0,0,-0.78,-0.803743697996683,-8.8714276789607,0,0,0,0
486,0,0,-0.78,-0.803743697996683,-8.8714276789607,0,0,0,0
487,0,0,-0.78,-0.803743697996683,-8.8714276789607,0,0,0,0
488,0,0,-0.78,-0.803743697996683,-8.8714276789607,0,0,0,0
489,0,0,-0.78,-0.803743697996683,-8.8714276789607,0,0,0,0
490,0,0,-0.78,-0.803743697996683,-8.8714276789607,0,0,0,0
491,0,0,-0.78,-0.803743697996683,-8.8714276789607,0,0,0,0
492,0,0,-0.78,-0.815208925758435,-8.88889497075823,0,0,0,0
493,0,0,-0.78,-0.81522530829245,-8.88850463359551,0,0,0,0
494,0,0,-0.78,-0.815380288477067,-8.88813751442228,0,0,0,0
495,0,0,-0.78,-0.815642557187314,-8.88781684526012,0,0,0,0
496,0,0,-0.78,-0.815980805298217,-8.88756585813058,0,0,0,0
497,0,0,-0.78,-0.8163637236848,-8.88740778505523,0,0,0,0
498,0,0,-0.78,-0.816760003222092,-8.88736585805563,0,0,0,0
499,0,0,-0.78,-0.817138334785116,-8.88746330915333,0,0,0,0
500,0,0,-0.78,-0.8174674092489,-8.8877233703699,0,0,0,0
501,0,0,-0.78,-0.994242372652364,-9.09762797995794,0,0,0,0
502,0,0,-0.78,-1.20061714058556,-9.2453674798291,0,0,0,0
503,0,0,-0.78,-1.41833197514554,-9.3370635503245,0,0,0,0
504,0,0,-0.78,-1.64285084968161,-9.39513356319443,0,0,0,0
505,0,0,-0.78,-1.86963773754303,-9.44199489018921,0,0,0,0
506,0,0,-0.78,-2.09415661207909,-9.50006490305914,0,0,0,0
507,0,0,-0.78,-2.31187144663908,-9.59176097355453,0,0,0,0
508,0,0,-0.78,-2.51824621457227,-9.73950047342569,0,0,0,0
509,0,0,-0.78,-2.69438521510439,-9.94850983243899,0,0,0,0
510,0,0,-0.78,-2.69479080414895,-9.94861430455142,0,0,0,0
511,0,0,-0.78,-2.69521563425728,-9.94856935685631,0,0,0,0
512,0,0,-0.78,-2.69562614059016,-9.94839989516212,0,0,0,0
513,0,0,-0.78,-2.69598875830836,-9.94813082527727,0,0,0,0
514,0,0,-0.78,-2.69626992257267,-9.9477870530102,0,0,0,0
515,0,0,-0.78,-2.69643606854386,-9.94739348416934,0,0,0,0
516,0,0,-0.78,-2.69645363138271,-9.94697502456313,0,0,0,0
517,0,0,-0.78,-2.69628904625,-9.94655658,0,0,0,0
518,0,0,-0.78,-2.70874488922795,-9.96570077442293,0,0,0,0
519,0,0,-0.78,-2.70874488922795,-9.96570077442293,0,0,0,0
520,0,0,-0.78,-2.70874488922795,-9.96570077442293,0,0,0,0
521,0,0,-0.78,-2.70874488922795,-9.96570077442293,0,0,0,0
522,0,0,-0.78,-2.70874488922795,-9.96570077442293,0,0,0,0
523,0,0,-0.78,-2.70874488922795,-9.96570077442293,0,0,0,0
524,0,0,-0.78,-2.70874488922795,-9.96570077442293,0,0,0,0
525,0,0,-0.78,-2.70874488922795,-9.96570077442293,0,0,0,0
526,0,0,-0.78,-2.70874488922795,-9.96570077442293,0,0,0,0
527,0,0,-0.78,-3.229194440625,-10.7656135075,0,0,0,0
528,0,0,-0.78,-3.35193514131435,-10.9229239322243,0,0,0,0
529,0,0,-0.78,-3.47240234865839,-11.019240693298,0,0,0,0
530,0,0,-0.78,-3.61196075038341,-11.0951646921734,0,0,0,0
531,0,0,-0.78,-3.76481306507382,-11.1495498350107,0,0,0,0
532,0,0,-0.78,-3.92516201131405,-11.1812500279701,0,0,0,0
533,0,0,-0.78,-4.08721030768852,-11.1891191772116,0,0,0,0
534,0,0,-0.78,-4.24516067278165,-11.1720111888955,0,0,0,0
535,0,0,-0.78,-4.39321582517785,-11.1287799691818,0,0,0,0
536,0,0,-0.78,-4.52557848346154,-11.0582794242308,0,0,0,0
537,0,0,-0.78,-4.52557848346154,-11.0582794242308,0,0,0,0
538,0,0,-0.78,-5.28905713192308,-10.5318884134615,0,0,0,0
539,0,0,-0.78,-6.05253578038461,-10.0054974026923,0,0,0,0
540,0,0,-0.78,-6.81601442884615,-9.47910639192308,0,0,0,0
541,0,0,-0.78,-7.57949307730769,-8.95271538115385,0,0,0,0
542,0,0,-0.78,-8.34297172576923,-8.42632437038462,0,0,0,0
543,0,0,-0.78,-9.10645037423077,-7.89993335961539,0,0,0,0
544,0,0,-0.78,-9.86992902269231,-7.37354234884616,0,0,0,0
545,0,0,-0.78,-10.6334076711538,-6.84715133807693,0,0,0,0
546,0,0,-0.78,-11.3968863196154,-6.32076032730769,0,0,0,0
547,0,0,-0.78,-12.1603649680769,-5.79436931653846,0,0,0,0
548,0,0,-0.78,-12.9238436165385,-5.26797830576923,0,0,0,0
549,0,0,-0.78,-13.0948284909192,-5.13205624823111,0,0,0,0
550,0,0,-0.78,-13.1948306461648,-5.01203199946359,0,0,0,0
551,0,0,-0.78,-13.284402586948,-4.8706959112681,0,0,0,0
552,0,0,-0.78,-13.3612608385735,-4.714161478482,0,0,0,0
553,0,0,-0.78,-13.423121926346,-4.54854219594266,0,0,0,0
554,0,0,-0.78,-13.4677023755701,-4.37995155848743,0,0,0,0
555,0,0,-0.78,-13.4927187115507,-4.21450306095367,0,0,0,0
556,0,0,-0.78,-13.4958874595924,-4.05831019817874,0,0,0,0
557,0,0,-0.78,-13.474925145,-3.917486465,0,0,0,0
558,0,0,-0.78,-13.474925145,-3.917486465,0,0,0,0
559,0,0,-0.78,-13.4817880916667,-3.23119060833334,0,0,0,0
560,0,0,-0.78,-13.4886510383333,-2.54489475166667,0,0,0,0
561,0,0,-0.78,-13.495513985,-1.858598895,0,0,0,0
562,0,0,-0.78,-13.6808732516667,-1.19954377166667,0,0,0,0
563,0,0,-0.78,-13.8662325183333,-0.540488648333336,0,0,0,0
564,0,0,-0.78,-14.051591785,0.118566474999997,0,0,0,0
565,0,0,-0.78,-14.38912442,0.687739144999997,0,0,0,0
566,0,0,-0.78,-14.4355170439207,0.788081456774806,0,0,0,0
567,0,0,-0.78,-14.4688978532654,0.906910718034915,0,0,0,0
568,0,0,-0.78,-14.4894419446509,1.03883000893405,0,0,0,0
569,0,0,-0.78,-14.4973244146937,1.17844240962594,0,0,0,0
570,0,0,-0.78,-14.4927203600105,1.32035100026432,0,0,0,0
571,0,0,-0.78,-14.4758048772179,1.45915886100291,0,0,0,0
572,0,0,-0.78,-14.4467530629326,1.58946907199544,0,0,0,0
573,0,0,-0.78,-14.4057400137712,1.70588471339563,0,0,0,0
574,0,0,-0.78,-14.3529408263504,1.80300886535722,0,0,0,0
575,0,0,-0.78,-14.192283439,2.037771283,0,0,0,0
576,0,0,-0.78,-13.657909823,2.818630751,0,0,0,0
577,0,0,-0.78,-13.123536207,3.599490219,0,0,0,0
578,0,0,-0.78,-12.589162591,4.380349687,0,0,0,0
579,0,0,-0.78,-12.054788975,5.161209155,0,0,0,0
580,0,0,-0.78,-11.265672635,5.338357715,0,0,0,0
581,0,0,-0.78,-10.58326005,5.57792809,0,0,0,0
582,0,0,-0.78,-9.900847465,5.817498465,0,0,0,0
583,0,0,-0.78,-9.27235661,6.117777425,0,0,0,0
584,0,0,-0.78,-8.643865755,6.418056385,0,0,0,0
585,0,0,-0.78,-8.055647255,6.76688365,0,0,0,0
586,0,0,-0.78,-7.467428755,7.115710915,0,0,0,0
587,0,0,-0.78,-6.90021041,7.52886995,0,0,0,0
588,0,0,-0.78,-6.332992065,7.942028985,0,0,0,0
589,0,0,-0.78,-5.855045965,8.374763955,0,0,0,0
590,0,0,-0.78,-5.76812725045168,8.43784731860457,0,0,0,0
591,0,0,-0.78,-5.66457245526251,8.48732442713026,0,0,0,0
592,0,0,-0.78,-5.54890102729987,8.52294029454364,0,0,0,0
593,0,0,-0.78,-5.42563241443114,8.54443993481127,0,0,0,0
594,0,0,-0.78,-5.29928606452372,8.55156836189969,0,0,0,0
595,0,0,-0.78,-5.17438142544498,8.54407058977548,0,0,0,0
596,0,0,-0.78,-5.05543794506231,8.52169163240519,0,0,0,0
597,0,0,-0.78,-4.94697507124309,8.48417650375539,0,0,0,0
598,0,0,-0.78,-4.85351225185471,8.43127021779262,0,0,0,0
599,0,0,-0.78,-4.59698553115385,8.24694057730769,0,0,0,0
600,0,0,-0.78,-3.81687119730769,7.68638222961538,0,0,0,0
601,0,0,-0.78,-3.03675686346154,7.12582388192307,0,0,0,0
602,0,0,-0.78,-2.25664252961538,6.56526553423077,0,0,0,0
603,0,0,-0.78,-1.47652819576923,6.00470718653846,0,0,0,0
604,0,0,-0.78,-0.696413861923076,5.44414883884615,0,0,0,0
605,0,0,-0.78,0.0837004719230778,4.88359049115384,0,0,0,0
606,0,0,-0.78,0.863814805769232,4.32303214346154,0,0,0,0
607,0,0,-0.78,1.64392913961539,3.76247379576923,0,0,0,0
608,0,0,-0.78,2.42404347346154,3.20191544807692,0,0,0,0
609,0,0,-0.78,3.20415780730769,2.64135710038461,0,0,0,0
610,0,0,-0.78,3.98427214115385,2.0807987526923,0,0,0,0
611,0,0,-0.78,4.10091576772405,1.97530054337132,0,0,0,0
612,0,0,-0.78,4.19820805879783,1.84388903454246,0,0,0,0
613,0,0,-0.78,4.27499521794018,1.69271429496469,0,0,0,0
614,0,0,-0.78,4.33012344871609,1.52792639339696,0,0,0,0
615,0,0,-0.78,4.36243895469059,1.35567539859824,0,0,0,0
616,0,0,-0.78,4.37078793942866,1.18211137932748,0,0,0,0
617,0,0,-0.78,4.35401660649531,1.01338440434364,0,0,0,0
618,0,0,-0.78,4.31097115945554,0.855644542405676,0,0,0,0
619,0,0,-0.78,4.24049780187435,0.71504186227255,0,0,0,0
620,0,0,-0.78,4.231481080625,0.701183477499997,0,0,0,0
621,0,0,-0.78,3.69857568625,-0.117873450000003,0,0,0,0
622,0,0,-0.78,3.165670291875,-0.936930377500003,0,0,0,0
623,0,0,-0.78,2.6327648975,-1.755987305,0,0,0,0
624,0,0,-0.78,2.099859503125,-2.5750442325,0,0,0,0
625,0,0,-0.78,1.56695410875,-3.39410116,0,0,0,0
626,0,0,-0.78,1.034048714375,-4.2131580875,0,0,0,0
627,0,0,-0.78,0.501143320000002,-5.032215015,0,0,0,0
628,0,0,-0.78,-0.0317620743749982,-5.8512719425,0,0,0,0
629,0,0,-0.78,-0.564667468749998,-6.67032887,0,0,0,0
630,0,0,-0.78,-1.08511702014705,-7.47024160307707,0,0,0,0
631,0,0,-0.78,-1.08511702014705,-7.47024160307707,0,0,0,0
632,0,0,-0.78,-1.08511702014705,-7.47024160307707,0,0,0,0
633,0,0,-0.78,-1.08511702014705,-7.47024160307707,0,0,0,0
634,0,0,-0.78,-1.08511702014705,-7.47024160307707,0,0,0,0
635,0,0,-0.78,-1.08511702014705,-7.47024160307707,0,0,0,0
636,0,0,-0.78,-1.08511702014705,-7.47024160307707,0,0,0,0
637,0,0,-0.78,-1.08511702014705,-7.47024160307707,0,0,0,0
638,0,0,-0.78,-1.08511702014705,-7.47024160307707,0,0,0,0
639,0,0,-0.78,-1.09740821629778,-7.48896720127567,0,0,0,0
640,0,0,-0.78,-1.0974257794462,-7.48854858839137,0,0,0,0
641,0,0,-0.78,-1.09759197721691,-7.48815487363998,0,0,0,0
642,0,0,-0.78,-1.09787323425653,-7.48781097181434,0,0,0,0
643,0,0,-0.78,-1.09823597521172,-7.48754179770731,0,0,0,0
644,0,0,-0.78,-1.0986466247291,-7.48737226611176,0,0,0,0
645,0,0,-0.78,-1.09907160745531,-7.48732729182053,0,0,0,0
646,0,0,-0.78,-1.099477348037,-7.48743178962649,0,0,0,0
647,0,0,-0.78,-1.09983027112081,-7.48771067432249,0,0,0,0
648,0,0,-0.78,-1.27560904122017,-7.69641314692863,0,0,0,0
649,0,0,-0.78,-1.48197218015099,-7.84413014132885,0,0,0,0
650,0,0,-0.78,-1.69967183183731,-7.93580817183524,0,0,0,0
651,0,0,-0.78,-1.92417339117692,-7.99386282400533,0,0,0,0
652,0,0,-0.78,-2.15094225306764,-8.04070968339667,0,0,0,0
653,0,0,-0.78,-2.37544381240726,-8.09876433556677,0,0,0,0
654,0,0,-0.78,-2.59314346409358,-8.19044236607316,0,0,0,0
655,0,0,-0.78,-2.7995066030244,-8.33815936047337,0,0,0,0
656,0,0,-0.78,-2.97439747756456,-8.54565538233479,0,0,0,0
657,0,0,-0.78,-2.97483827657293,-8.54576890937979,0,0,0,0
658,0,0,-0.78,-2.97529998036287,-8.54572004903939,0,0,0,0
659,0,0,-0.78,-2.97574611246853,-8.54553586889441,0,0,0,0
660,0,0,-0.78,-2.97614019642409,-8.54524343652563,0,0,0,0
661,0,0,-0.78,-2.97644575576371,-8.54486981951386,0,0,0,0
662,0,0,-0.78,-2.97662631402155,-8.5444420854399,0,0,0,0
663,0,0,-0.78,-2.97664539473178,-8.54398730188453,0,0,0,0
664,0,0,-0.78,-2.97646652142857,-8.54353253642858,0,0,0,0
665,0,0,-0.78,-2.98999862409752,-8.56433090432493,0,0,0,0
666,0,0,-0.78,-2.98999862409752,-8.56433090432493,0,0,0,0
667,0,0,-0.78,-2.98999862409752,-8.56433090432493,0,0,0,0
668,0,0,-0.78,-2.98999862409752,-8.56433090432493,0,0,0,0
669,0,0,-0.78,-2.98999862409752,-8.56433090432493,0,0,0,0
670,0,0,-0.78,-2.98999862409752,-8.56433090432493,0,0,0,0
671,0,0,-0.78,-2.98999862409752,-8.56433090432493,0,0,0,0
672,0,0,-0.78,-2.98999862409752,-8.56433090432493,0,0,0,0
673,0,0,-0.78,-2.98999862409752,-8.56433090432493,0,0,0,0
674,0,0,-0.78,-3.50829565571429,-9.36093529071429,0,0,0,0
675,0,0,-0.78,-3.62477085113869,-9.50821938052465,0,0,0,0
676,0,0,-0.78,-3.74676216303999,-9.60575470410821,0,0,0,0
677,0,0,-0.78,-3.88808620374495,-9.68263926412033,0,0,0,0
678,0,0,-0.78,-4.04287234687146,-9.73771246678483,0,0,0,0
679,0,0,-0.78,-4.20524996603746,-9.76981371832555,0,0,0,0
680,0,0,-0.78,-4.36934843486085,-9.77778242496632,0,0,0,0
681,0,0,-0.78,-4.52929712695955,-9.76045799293098,0,0,0,0
682,0,0,-0.78,-4.67922541595148,-9.71667982844335,0,0,0,0
683,0,0,-0.78,-4.81326267545454,-9.64528733772728,0,0,0,0
684,0,0,-0.78,-4.81326267545454,-9.64528733772728,0,0,0,0
685,0,0,-0.78,-5.58640056090909,-9.11223663045455,0,0,0,0
686,0,0,-0.78,-6.35953844636364,-8.57918592318182,0,0,0,0
687,0,0,-0.78,-7.13267633181818,-8.04613521590909,0,0,0,0
688,0,0,-0.78,-7.90581421727273,-7.51308450863637,0,0,0,0
689,0,0,-0.78,-8.67895210272727,-6.98003380136364,0,0,0,0
690,0,0,-0.78,-9.45208998818182,-6.44698309409091,0,0,0,0
691,0,0,-0.78,-10.2252278736364,-5.91393238681819,0,0,0,0
692,0,0,-0.78,-10.9983657590909,-5.38088167954546,0,0,0,0
693,0,0,-0.78,-11.7715036445455,-4.84783097227273,0,0,0,0
694,0,0,-0.78,-12.3466245801456,-4.44527863413662,0,0,0,0
695,0,0,-0.78,-12.3800462338876,-4.40516540980474,0,0,0,0
696,0,0,-0.78,-12.4099820126012,-4.3579295697986,0,0,0,0
697,0,0,-0.78,-12.4356687577278,-4.30561430116101,0,0,0,0
698,0,0,-0.78,-12.4563433107086,-4.2502627909348,0,0,0,0
699,0,0,-0.78,-12.4712425129849,-4.19391822616278,0,0,0,0
700,0,0,-0.78,-12.479603205998,-4.13862379388777,0,0,0,0
701,0,0,-0.78,-12.4806622311893,-4.08642268115257,0,0,0,0
702,0,0,-0.78,-12.47365643,-4.039358075,0,0,0,0
703,0,0,-0.78,-12.47365643,-4.039358075,0,0,0,0
704,0,0,-0.78,-12.48140178,-3.26482158833334,0,0,0,0
705,0,0,-0.78,-12.48914713,-2.49028510166667,0,0,0,0
706,0,0,-0.78,-12.49689248,-1.715748615,0,0,0,0
707,0,0,-0.78,-12.7060915633333,-0.97192971166667,0,0,0,0
708,0,0,-0.78,-12.9152906466667,-0.228110808333337,0,0,0,0
709,0,0,-0.78,-13.12448973,0.515708094999997,0,0,0,0
710,0,0,-0.78,-13.1817696081593,0.639598378786434,0,0,0,0
711,0,0,-0.78,-13.2229841059638,0.786314062710243,0,0,0,0
712,0,0,-0.78,-13.2483494110624,0.949191697239798,0,0,0,0
713,0,0,-0.78,-13.2580817111037,1.12156783284347,0,0,0,0
714,0,0,-0.78,-13.2523971937365,1.29677901998963,0,0,0,0
715,0,0,-0.78,-13.2315120466097,1.46816180914664,0,0,0,0
716,0,0,-0.78,-13.1956424573719,1.62905275078289,0,0,0,0
717,0,0,-0.78,-13.145004613672,1.77278839536675,0,0,0,0
718,0,0,-0.78,-13.0798147031588,1.89270529336658,0,0,0,0
719,0,0,-0.78,-13.0188697725,1.98176176,0,0,0,0
720,0,0,-0.78,-12.496506235,2.745071365,0,0,0,0
721,0,0,-0.78,-11.9741426975,3.50838097,0,0,0,0
722,0,0,-0.78,-11.45177916,4.271690575,0,0,0,0
723,0,0,-0.78,-10.98959079,4.375447145,0,0,0,0
724,0,0,-0.78,-10.25407506,4.633660115,0,0,0,0
725,0,0,-0.78,-9.51855933,4.891873085,0,0,0,0
726,0,0,-0.78,-8.84544576,5.213471785,0,0,0,0
727,0,0,-0.78,-8.17233219,5.535070485,0,0,0,0
728,0,0,-0.78,-7.544559065,5.907354565,0,0,0,0
729,0,0,-0.78,-6.91678594,6.279638645,0,0,0,0
730,0,0,-0.78,-6.30901301,6.722337435,0,0,0,0
731,0,0,-0.78,-5.70124008,7.165036225,0,0,0,0
732,0,0,-0.78,-5.62912384793045,7.21737632780293,0,0,0,0
733,0,0,-0.78,-5.54320470293258,7.25842735608084,0,0,0,0
734,0,0,-0.78,-5.44723241917911,7.28797774859094,0,0,0,0
735,0,0,-0.78,-5.34495677084273,7.30581594409041,0,0,0,0
736,0,0,-0.78,-5.24012753209615,7.31173038133646,0,0,0,0
737,0,0,-0.78,-5.13649447711207,7.30550949908628,0,0,0,0
738,0,0,-0.78,-5.03780738006319,7.28694173609707,0,0,0,0
739,0,0,-0.78,-4.94781601512223,7.25581553112602,0,0,0,0
740,0,0,-0.78,-4.87027015646187,7.21191932293034,0,0,0,0
741,0,0,-0.78,-4.51285557363636,6.95509577863636,0,0,0,0
742,0,0,-0.78,-3.72102170727273,6.38611625227272,0,0,0,0
743,0,0,-0.78,-2.92918784090909,5.81713672590909,0,0,0,0
744,0,0,-0.78,-2.13735397454545,5.24815719954545,0,0,0,0
745,0,0,-0.78,-1.34552010818182,4.67917767318182,0,0,0,0
746,0,0,-0.78,-0.553686241818181,4.11019814681818,0,0,0,0
747,0,0,-0.78,0.238147624545455,3.54121862045454,0,0,0,0
748,0,0,-0.78,1.02998149090909,2.97223909409091,0,0,0,0
749,0,0,-0.78,1.82181535727273,2.40325956772727,0,0,0,0
750,0,0,-0.78,2.61364922363636,1.83428004136363,0,0,0,0
751,0,0,-0.78,2.73204516870944,1.7271969492684,0,0,0,0
752,0,0,-0.78,2.83079906628258,1.59381126630937,0,0,0,0
753,0,0,-0.78,2.90873978662113,1.44036545274596,0,0,0,0
754,0,0,-0.78,2.96469619999044,1.2731019688376,0,0,0,0
755,0,0,-0.78,2.99749717665586,1.09826327484371,0,0,0,0
756,0,0,-0.78,3.00597158688274,0.922091831023704,0,0,0,0
757,0,0,-0.78,2.98894830093642,0.750830097637003,0,0,0,0
758,0,0,-0.78,2.94525618908225,0.590720534943027,0,0,0,0
759,0,0,-0.78,2.87372412158558,0.448005603201197,0,0,0,0
760,0,0,-0.78,2.87365395571429,0.447897760714283,0,0,0,0
761,0,0,-0.78,2.34182482142857,-0.369504993571431,0,0,0,0
762,0,0,-0.78,1.80999568714286,-1.18690774785715,0,0,0,0
763,0,0,-0.78,1.27816655285714,-2.00431050214286,0,0,0,0
764,0,0,-0.78,0.746337418571429,-2.82171325642857,0,0,0,0
765,0,0,-0.78,0.214508284285715,-3.63911601071429,0,0,0,0
766,0,0,-0.78,-0.317320849999999,-4.456518765,0,0,0,0
767,0,0,-0.78,-0.849149984285713,-5.27392151928572,0,0,0,0
768,0,0,-0.78,-1.36744701590248,-6.07052590567507,0,0,0,0
769,0,0,-0.78,-1.36744701590248,-6.07052590567508,0,0,0,0
770,0,0,-0.78,-1.36744701590248,-6.07052590567508,0,0,0,0
771,0,0,-0.78,-1.36744701590248,-6.07052590567508,0,0,0,0
772,0,0,-0.78,-1.36744701590248,-6.07052590567508,0,0,0,0
773,0,0,-0.78,-1.36744701590248,-6.07052590567508,0,0,0,0
774,0,0,-0.78,-1.36744701590248,-6.07052590567508,0,0,0,0
775,0,0,-0.78,-1.36744701590248,-6.07052590567508,0,0,0,0
776,0,0,-0.78,-1.36744701590248,-6.07052590567508,0,0,0,0
777,0,0,-0.78,-1.38080024526882,-6.09086950811695,0,0,0,0
778,0,0,-0.78,-1.38081932597905,-6.09041472456309,0,0,0,0
779,0,0,-0.78,-1.38099988423639,-6.08998699049055,0,0,0,0
780,0,0,-0.78,-1.3813054435751,-6.08961337348004,0,0,0,0
781,0,0,-0.78,-1.38169952752945,-6.08932094111228,0,0,0,0
782,0,0,-0.78,-1.38214565963372,-6.08913676096797,0,0,0,0
783,0,0,-0.78,-1.38260736342217,-6.08908790062784,0,0,0,0
784,0,0,-0.78,-1.38304816242906,-6.08920142767258,0,0,0,0
785,0,0,-0.78,-1.38343158018868,-6.08950440968291,0,0,0,0
786,0,0,-0.78,-1.55793903637394,-6.29669744899955,0,0,0,0
787,0,0,-0.78,-1.76430217469266,-6.44441444308895,0,0,0,0
788,0,0,-0.78,-1.98200182575943,-6.536092473439,0,0,0,0
789,0,0,-0.78,-2.20650338447503,-6.59414712554544,0,0,0,0
790,0,0,-0.78,-2.43327224574023,-6.64099398490402,0,0,0,0
791,0,0,-0.78,-2.65777380445583,-6.69904863701047,0,0,0,0
792,0,0,-0.78,-2.8754734555226,-6.79072666736052,0,0,0,0
793,0,0,-0.78,-3.08183659384132,-6.93844366144991,0,0,0,0
794,0,0,-0.78,-3.25507304248915,-7.14395923499511,0,0,0,0
795,0,0,-0.78,-3.25556058607583,-7.14408480102798,0,0,0,0
796,0,0,-0.78,-3.25607125129394,-7.14403075928768,0,0,0,0
797,0,0,-0.78,-3.2565646935269,-7.14382704773951,0,0,0,0
798,0,0,-0.78,-3.2570005681581,-7.14350360434878,0,0,0,0
799,0,0,-0.78,-3.25733853057094,-7.14309036708082,0,0,0,0
800,0,0,-0.78,-3.25753823614883,-7.14261727390094,0,0,0,0
801,0,0,-0.78,-3.25755934027516,-7.14211426277445,0,0,0,0
802,0,0,-0.78,-3.25736149833333,-7.14161127166667,0,0,0,0
803,0,0,-0.78,-3.27232861431278,-7.16461520477439,0,0,0,0
804,0,0,-0.78,-3.27232861431278,-7.16461520477439,0,0,0,0
805,0,0,-0.78,-3.27232861431278,-7.16461520477439,0,0,0,0
806,0,0,-0.78,-3.27232861431278,-7.16461520477439,0,0,0,0
807,0,0,-0.78,-3.27232861431278,-7.16461520477439,0,0,0,0
808,0,0,-0.78,-3.27232861431278,-7.16461520477439,0,0,0,0
809,0,0,-0.78,-3.27232861431278,-7.16461520477439,0,0,0,0
810,0,0,-0.78,-3.27232861431278,-7.16461520477439,0,0,0,0
811,0,0,-0.78,-3.27232861431278,-7.16461520477439,0,0,0,0
812,0,0,-0.78,-3.78775561916667,-7.95680846083334,0,0,0,0
813,0,0,-0.78,-3.8909028431771,-8.08269927001632,0,0,0,0
814,0,0,-0.78,-4.01638717010582,-8.18302735276982,0,0,0,0
815,0,0,-0.78,-4.16175778585705,-8.26211337223919,0,0,0,0
816,0,0,-0.78,-4.32097596858409,-8.31876350300617,0,0,0,0
817,0,0,-0.78,-4.48800299644026,-8.35178391965253,0,0,0,0
818,0,0,-0.78,-4.65680014757885,-8.35998079676001,0,0,0,0
819,0,0,-0.78,-4.82132870015318,-8.34216030891035,0,0,0,0
820,0,0,-0.78,-4.97554993231653,-8.29712863068533,0,0,0,0
821,0,0,-0.78,-5.11342512222222,-8.22369193666667,0,0,0,0
822,0,0,-0.78,-5.11342512222222,-8.22369193666667,0,0,0,0
823,0,0,-0.78,-5.90870050444444,-7.67537822333334,0,0,0,0
824,0,0,-0.78,-6.70397588666667,-7.12706451,0,0,0,0
825,0,0,-0.78,-7.49925126888889,-6.57875079666667,0,0,0,0
826,0,0,-0.78,-8.29452665111111,-6.03043708333334,0,0,0,0
827,0,0,-0.78,-9.08980203333333,-5.48212337,0,0,0,0
828,0,0,-0.78,-9.88507741555556,-4.93380965666667,0,0,0,0
829,0,0,-0.78,-10.6803527977778,-4.38549594333334,0,0,0,0
830,0,0,-0.78,-10.9494903431614,-4.18536070305731,0,0,0,0
831,0,0,-0.78,-11.0462333025742,-4.0775965141788,0,0,0,0
832,0,0,-0.78,-11.1410927464419,-3.94863274394917,0,0,0,0
833,0,0,-0.78,-11.2307201068502,-3.80476871413868,0,0,0,0
834,0,0,-0.78,-11.3117668158848,-3.65230374651763,0,0,0,0
835,0,0,-0.78,-11.3808843056314,-3.49753716285629,0,0,0,0
836,0,0,-0.78,-11.4347240081756,-3.34676828492494,0,0,0,0
837,0,0,-0.78,-11.4699373556033,-3.20629643449387,0,0,0,0
838,0,0,-0.78,-11.48317578,-3.08242093333334,0,0,0,0
839,0,0,-0.78,-11.48317578,-3.08242093333334,0,0,0,0
840,0,0,-0.78,-11.49072338,-2.32765963666667,0,0,0,0
841,0,0,-0.78,-11.49827098,-1.57289834,0,0,0,0
842,0,0,-0.78,-11.73130988,-0.74431565666667,0,0,0,0
843,0,0,-0.78,-11.96434878,0.0842670266666632,0,0,0,0
844,0,0,-0.78,-12.19738768,0.912849709999997,0,0,0,0
845,0,0,-0.78,-12.2191621884777,0.95994565402172,0,0,0,0
846,0,0,-0.78,-12.2348295654044,1.01571849935457,0,0,0,0
847,0,0,-0.78,-12.2444719928437,1.07763518662646,0,0,0,0
848,0,0,-0.78,-12.2481716528589,1.14316265646529,0,0,0,0
849,0,0,-0.78,-12.2460107275135,1.20976784949896,0,0,0,0
850,0,0,-0.78,-12.2380713988709,1.27491770635537,0,0,0,0
851,0,0,-0.78,-12.2244358489946,1.33607916766243,0,0,0,0
852,0,0,-0.78,-12.2051862599478,1.39071917404805,0,0,0,0
853,0,0,-0.78,-12.1804048137942,1.43630466614012,0,0,0,0
854,0,0,-0.78,-11.85346283,1.91405232333333,0,0,0,0
855,0,0,-0.78,-11.35111609,2.64811215666666,0,0,0,0
856,0,0,-0.78,-10.84876935,3.38217199,0,0,0,0
857,0,0,-0.78,-10.71350895,3.41253657,0,0,0,0
858,0,0,-0.78,-9.92489007,3.689392135,0,0,0,0
859,0,0,-0.78,-9.13627119,3.9662477,0,0,0,0
860,0,0,-0.78,-8.418534905,4.30916614,0,0,0,0
861,0,0,-0.78,-7.70079862,4.65208458,0,0,0,0
862,0,0,-0.78,-7.033470875,5.047825475,0,0,0,0
863,0,0,-0.78,-6.36614313,5.44356637,0,0,0,0
864,0,0,-0.78,-5.80916843,5.849263975,0,0,0,0
865,0,0,-0.78,-5.7093936605551,5.90694955029337,0,0,0,0
866,0,0,-0.78,-5.59149613100504,5.95035275975994,0,0,0,0
867,0,0,-0.78,-5.46064054566398,5.97945693059636,0,0,0,0
868,0,0,-0.78,-5.32199160884607,5.99424538999924,0,0,0,0
869,0,0,-0.78,-5.18071402486545,5.99470146516525,0,0,0,0
870,0,0,-0.78,-5.04197249803628,5.98080848329099,0,0,0,0
871,0,0,-0.78,-4.9109317326727,5.95254977157313,0,0,0,0
872,0,0,-0.78,-4.79275643308887,5.90990865720828,0,0,0,0
873,0,0,-0.78,-4.69261130359892,5.85286846739309,0,0,0,0
874,0,0,-0.78,-4.44121890333333,5.67222814,0,0,0,0
875,0,0,-0.78,-3.63024407666667,5.0894947,0,0,0,0
876,0,0,-0.78,-2.81926925,4.50676126,0,0,0,0
877,0,0,-0.78,-2.00829442333333,3.92402782,0,0,0,0
878,0,0,-0.78,-1.19731959666667,3.34129438,0,0,0,0
879,0,0,-0.78,-0.38634477,2.75856094,0,0,0,0
880,0,0,-0.78,0.424630056666667,2.1758275,0,0,0,0
881,0,0,-0.78,1.23560488333333,1.59309406,0,0,0,0
882,0,0,-0.78,1.37487027869023,1.47107152064264,0,0,0,0
883,0,0,-0.78,1.47337070803343,1.33802819410968,0,0,0,0
884,0,0,-0.78,1.55111138061169,1.18497622461748,0,0,0,0
885,0,0,-0.78,1.6069241725884,1.01814205011806,0,0,0,0
886,0,0,-0.78,1.63964096012693,0.843752108563436,0,0,0,0
887,0,0,-0.78,1.64809361939065,0.668032837905632,0,0,0,0
888,0,0,-0.78,1.63111402654293,0.497210676096666,0,0,0,0
889,0,0,-0.78,1.58753405774714,0.337512061088559,0,0,0,0
890,0,0,-0.78,1.51618558916667,0.19516343083333,0,0,0,0
891,0,0,-0.78,1.51618558916667,0.19516343083333,0,0,0,0
892,0,0,-0.78,0.985791468333334,-0.620033758333337,0,0,0,0
893,0,0,-0.78,0.455397347500001,-1.4352309475,0,0,0,0
894,0,0,-0.78,-0.0749967733333325,-2.25042813666667,0,0,0,0
895,0,0,-0.78,-0.605390894166666,-3.06562532583334,0,0,0,0
896,0,0,-0.78,-1.135785015,-3.880822515,0,0,0,0
897,0,0,-0.78,-1.65121201985389,-4.67301577105895,0,0,0,0
898,0,0,-0.78,-1.65121201985389,-4.67301577105895,0,0,0,0
899,0,0,-0.78,-1.65121201985389,-4.67301577105895,0,0,0,0
900,0,0,-0.78,-1.65121201985389,-4.67301577105895,0,0,0,0
901,0,0,-0.78,-1.65121201985389,-4.67301577105895,0,0,0,0
902,0,0,-0.78,-1.65121201985389,-4.67301577105895,0,0,0,0
903,0,0,-0.78,-1.65121201985389,-4.67301577105895,0,0,0,0
904,0,0,-0.78,-1.65121201985389,-4.67301577105895,0,0,0,0
905,0,0,-0.78,-1.65121201985389,-4.67301577105895,0,0,0,0
906,0,0,-0.78,-1.66598147179463,-4.69551715039863,0,0,0,0
907,0,0,-0.78,-1.66600257501941,-4.69501458127218,0,0,0,0
908,0,0,-0.78,-1.66620213121269,-4.69454190884443,0,0,0,0
909,0,0,-0.78,-1.66653982607948,-4.6941290451725,0,0,0,0
910,0,0,-0.78,-1.66697534532477,-4.69380590231352,0,0,0,0
911,0,0,-0.78,-1.66746837465357,-4.69360239232461,0,0,0,0
912,0,0,-0.78,-1.66797859977089,-4.69354842726288,0,0,0,0
913,0,0,-0.78,-1.66846570638174,-4.69367391918546,0,0,0,0
914,0,0,-0.78,-1.66888938019111,-4.69400878014947,0,0,0,0
915,0,0,-0.78,-1.84172000769362,-4.89925633210663,0,0,0,0
916,0,0,-0.78,-2.0481110547168,-5.04702734006401,0,0,0,0
917,0,0,-0.78,-2.26584714401387,-5.13874866724261,0,0,0,0
918,0,0,-0.78,-2.49039025867528,-5.19684018595393,0,0,0,0
919,0,0,-0.78,-2.71720238179146,-5.24372176850949,0,0,0,0
920,0,0,-0.78,-2.94174549645286,-5.30181328722082,0,0,0,0
921,0,0,-0.78,-3.15948158574993,-5.39353461439941,0,0,0,0
922,0,0,-0.78,-3.36587263277311,-5.54130562235679,0,0,0,0
923,0,0,-0.78,-3.53681099173039,-5.74411511598661,0,0,0,0
924,0,0,-0.78,-3.53736348209838,-5.7442574525449,0,0,0,0
925,0,0,-0.78,-3.53794219414325,-5.7441962438154,0,0,0,0
926,0,0,-0.78,-3.5385014022288,-5.74396541691606,0,0,0,0
927,0,0,-0.78,-3.53899538071884,-5.74359889896483,0,0,0,0
928,0,0,-0.78,-3.53937840397717,-5.74313061707965,0,0,0,0
929,0,0,-0.78,-3.53960474636761,-5.74259449837849,0,0,0,0
930,0,0,-0.78,-3.53962868225395,-5.74202446997929,0,0,0,0
931,0,0,-0.78,-3.539404486,-5.74145445900001,0,0,0,0
932,0,0,-0.78,-3.55638062061285,-5.76754618340447,0,0,0,0
933,0,0,-0.78,-3.55638062061285,-5.76754618340447,0,0,0,0
934,0,0,-0.78,-3.55638062061285,-5.76754618340447,0,0,0,0
935,0,0,-0.78,-3.55638062061285,-5.76754618340447,0,0,0,0
936,0,0,-0.78,-3.55638062061285,-5.76754618340447,0,0,0,0
937,0,0,-0.78,-3.55638062061285,-5.76754618340447,0,0,0,0
938,0,0,-0.78,-3.55638062061285,-5.76754618340447,0,0,0,0
939,0,0,-0.78,-3.55638062061285,-5.76754618340447,0,0,0,0
940,0,0,-0.78,-3.55638062061285,-5.76754618340447,0,0,0,0
941,0,0,-0.78,-4.067789588,-6.55356385700001,0,0,0,0
942,0,0,-0.78,-4.20099457457507,-6.72810238678323,0,0,0,0
943,0,0,-0.78,-4.31706074421374,-6.82090040038333,0,0,0,0
944,0,0,-0.78,-4.45152064818658,-6.89405066209291,0,0,0,0
945,0,0,-0.78,-4.59878879759999,-6.94644894840483,0,0,0,0
946,0,0,-0.78,-4.75327970356039,-6.97699103581197,0,0,0,0
947,0,0,-0.78,-4.90940787717419,-6.98457270080718,0,0,0,0
948,0,0,-0.78,-5.06158782954778,-6.96808971988335,0,0,0,0
949,0,0,-0.78,-5.20423407178758,-6.92643786953334,0,0,0,0
950,0,0,-0.78,-5.331761115,-6.85851292625,0,0,0,0
951,0,0,-0.78,-5.331761115,-6.85851292625,0,0,0,0
952,0,0,-0.78,-6.06734754,-6.3513525975,0,0,0,0
953,0,0,-0.78,-6.802933965,-5.84419226875,0,0,0,0
954,0,0,-0.78,-7.53852039,-5.33703194,0,0,0,0
955,0,0,-0.78,-8.274106815,-4.82987161125,0,0,0,0
956,0,0,-0.78,-9.00969324,-4.3227112825,0,0,0,0
957,0,0,-0.78,-9.745279665,-3.81555095375,0,0,0,0
958,0,0,-0.78,-9.85806267012982,-3.72053878965069,0,0,0,0
959,0,0,-0.78,-9.97257989683116,-3.5929754389648,0,0,0,0
960,0,0,-0.78,-10.0848675557769,-3.44031757723178,0,0,0,0
961,0,0,-0.78,-10.19096185764,-3.2700218799911,0,0,0,0
962,0,0,-0.78,-10.2868990130933,-3.08954502278222,0,0,0,0
963,0,0,-0.78,-10.3687152328097,-2.90634368114461,0,0,0,0
964,0,0,-0.78,-10.432446727462,-2.72787453061772,0,0,0,0
965,0,0,-0.78,-10.4741297077233,-2.56159424674101,0,0,0,0
966,0,0,-0.78,-10.4898003842664,-2.41495950505395,0,0,0,0
967,0,0,-0.78,-10.490257785,-2.369219345,0,0,0,0
968,0,0,-0.78,-10.49964948,-1.430048065,0,0,0,0
969,0,0,-0.78,-10.7356359133333,-0.590985255000004,0,0,0,0
970,0,0,-0.78,-10.9716223466667,0.248077554999996,0,0,0,0
971,0,0,-0.78,-10.997449384017,0.388818708202569,0,0,0,0
972,0,0,-0.78,-11.0062126112171,0.557487715381565,0,0,0,0
973,0,0,-0.78,-10.9995400505225,0.746036778912653,0,0,0,0
974,0,0,-0.78,-10.9788675049587,0.945734655072742,0,0,0,0
975,0,0,-0.78,-10.9456307775515,1.14785010013874,0,0,0,0
976,0,0,-0.78,-10.9012656713263,1.34365187038756,0,0,0,0
977,0,0,-0.78,-10.847207989309,1.5244087220961,0,0,0,0
978,0,0,-0.78,-10.784893534525,1.68138941154128,0,0,0,0
979,0,0,-0.78,-10.71575811,1.805862695,0,0,0,0
980,0,0,-0.78,-10.71575811,1.805862695,0,0,0,0
981,0,0,-0.78,-10.22390744,2.524585025,0,0,0,0
982,0,0,-0.78,-9.488945245,2.78260367,0,0,0,0
983,0,0,-0.78,-8.75398305,3.040622315,0,0,0,0
984,0,0,-0.78,-7.99162405,3.404860495,0,0,0,0
985,0,0,-0.78,-7.22926505,3.769098675,0,0,0,0
986,0,0,-0.78,-6.522382685,4.188296385,0,0,0,0
987,0,0,-0.78,-5.81550032,4.607494095,0,0,0,0
988,0,0,-0.78,-5.7138775125957,4.66624812723118,0,0,0,0
989,0,0,-0.78,-5.59379627359847,4.71045525434918,0,0,0,0
990,0,0,-0.78,-5.46051696848099,4.74009849475236,0,0,0,0
991,0,0,-0.78,-5.31929996271595,4.75516086683906,0,0,0,0
992,0,0,-0.78,-5.17540562177604,4.75562538900765,0,0,0,0
993,0,0,-0.78,-5.03409431113394,4.74147507965648,0,0,0,0
994,0,0,-0.78,-4.90062639626234,4.7126929571839,0,0,0,0
995,0,0,-0.78,-4.78026224263393,4.66926203998826,0,0,0,0
996,0,0,-0.78,-4.6782622157214,4.61116534646793,0,0,0,0
997,0,0,-0.78,-4.50622357875,4.4875453975,0,0,0,0
998,0,0,-0.78,-3.7642378775,3.95438473,0,0,0,0
999,0,0,-0.78,-3.02225217625,3.4212240625,0,0,0,0
1000,0,0,-0.78,-2.280266475,2.888063395,0,0,0,0
1001,0,0,-0.78,-1.53828077375,2.3549027275,0,0,0,0
1002,0,0,-0.78,-0.796295072499999,1.82174206,0,0,0,0
1003,0,0,-0.78,-0.0543093712499987,1.2885813925,0,0,0,0
1004,0,0,-0.78,0.056633216669316,1.18823948173133,0,0,0,0
1005,0,0,-0.78,0.149170279139457,1.06325080203944,0,0,0,0
1006,0,0,-0.78,0.222204412329144,0.919464833283121,0,0,0,0
1007,0,0,-0.78,0.274638212407097,0.762731055321213,0,0,0,0
1008,0,0,-0.78,0.305374275542034,0.598898948012534,0,0,0,0
1009,0,0,-0.78,0.313315197902675,0.433817991215908,0,0,0,0
1010,0,0,-0.78,0.29736357565774,0.273337664790156,0,0,0,0
1011,0,0,-0.78,0.256422004975948,0.123307448594102,0,0,0,0
1012,0,0,-0.78,0.189393082026018,-0.0104231775134326,0,0,0,0
1013,0,0,-0.78,0.159291228000001,-0.0566886730000041,0,0,0,0
1014,0,0,-0.78,-0.369093873999999,-0.868798071000004,0,0,0,0
1015,0,0,-0.78,-0.897478975999999,-1.680907469,0,0,0,0
1016,0,0,-0.78,-1.425864078,-2.493016867,0,0,0,0
1017,0,0,-0.78,-1.93727304538715,-3.27903454059554,0,0,0,0
1018,0,0,-0.78,-1.93727304538715,-3.27903454059554,0,0,0,0
1019,0,0,-0.78,-1.93727304538715,-3.27903454059554,0,0,0,0
1020,0,0,-0.78,-1.93727304538715,-3.27903454059554,0,0,0,0
1021,0,0,-0.78,-1.93727304538715,-3.27903454059554,0,0,0,0
1022,0,0,-0.78,-1.93727304538715,-3.27903454059554,0,0,0,0
1023,0,0,-0.78,-1.93727304538715,-3.27903454059554,0,0,0,0
1024,0,0,-0.78,-1.93727304538715,-3.27903454059554,0,0,0,0
1025,0,0,-0.78,-1.93727304538715,-3.27903454059554,0,0,0,0
1026,0,0,-0.78,-1.95402568927486,-3.30455798865057,0,0,0,0
1027,0,0,-0.78,-1.95404962131519,-3.30398971329719,0,0,0,0
1028,0,0,-0.78,-1.95427537082267,-3.30345526329295,0,0,0,0
1029,0,0,-0.78,-1.95465733249901,-3.30298846299094,0,0,0,0
1030,0,0,-0.78,-1.95514990104591,-3.30262313674428,0,0,0,0
1031,0,0,-0.78,-1.95570747116508,-3.30239310890605,0,0,0,0
1032,0,0,-0.78,-1.9562844375582,-3.30233220382936,0,0,0,0
1033,0,0,-0.78,-1.95683519492699,-3.30247424586731,0,0,0,0
1034,0,0,-0.78,-1.95731413797315,-3.30285305937299,0,0,0,0
1035,0,0,-0.78,-2.12783691952631,-3.50551666451215,0,0,0,0
1036,0,0,-0.78,-2.33432564761717,-3.65347672159596,0,0,0,0
1037,0,0,-0.78,-2.55218927138784,-3.74534958808492,0,0,0,0
1038,0,0,-0.78,-2.77687783256637,-3.80357014021696,0,0,0,0
1039,0,0,-0.78,-3.00384137288087,-3.85057325423004,0,0,0,0
1040,0,0,-0.78,-3.2285299340594,-3.90879380636208,0,0,0,0
1041,0,0,-0.78,-3.44639355783006,-4.00066667285104,0,0,0,0
1042,0,0,-0.78,-3.65288228592093,-4.14862672993485,0,0,0,0
1043,0,0,-0.78,-3.82041142468841,-4.34750823628957,0,0,0,0
1044,0,0,-0.78,-3.82105995005909,-4.34767549299928,0,0,0,0
1045,0,0,-0.78,-3.8217393369637,-4.34760377632401,0,0,0,0
1046,0,0,-0.78,-3.82239588445398,-4.34733291496575,0,0,0,0
1047,0,0,-0.78,-3.82297589158161,-4.34690273762651,0,0,0,0
1048,0,0,-0.78,-3.82342565739832,-4.34635307300831,0,0,0,0
1049,0,0,-0.78,-3.82369148095581,-4.34572374981316,0,0,0,0
1050,0,0,-0.78,-3.8237196613058,-4.34505459674305,0,0,0,0
1051,0,0,-0.78,-3.8234564975,-4.3443854425,0,0,0,0
1052,0,0,-0.78,-3.84344616006009,-4.37510885385145,0,0,0,0
1053,0,0,-0.78,-3.84344616006009,-4.37510885385146,0,0,0,0
1054,0,0,-0.78,-3.84344616006009,-4.37510885385146,0,0,0,0
1055,0,0,-0.78,-3.84344616006009,-4.37510885385146,0,0,0,0
1056,0,0,-0.78,-3.84344616006009,-4.37510885385146,0,0,0,0
1057,0,0,-0.78,-3.84344616006009,-4.37510885385145,0,0,0,0
1058,0,0,-0.78,-3.84344616006009,-4.37510885385146,0,0,0,0
1059,0,0,-0.78,-3.84344616006009,-4.37510885385145,0,0,0,0
1060,0,0,-0.78,-3.84344616006009,-4.37510885385146,0,0,0,0
1061,0,0,-0.78,-4.34882807125,-5.15186315375001,0,0,0,0
1062,0,0,-0.78,-4.46125634924663,-5.29311145331036,0,0,0,0
1063,0,0,-0.78,-4.58253964443273,-5.39008069861751,0,0,0,0
1064,0,0,-0.78,-4.72304346457039,-5.46651903377063,0,0,0,0
1065,0,0,-0.78,-4.87693125538499,-5.52127260088661,0,0,0,0
1066,0,0,-0.78,-5.0383664626019,-5.55318754208231,0,0,0,0
1067,0,0,-0.78,-5.20151253194648,-5.56110999947462,0,0,0,0
1068,0,0,-0.78,-5.36053290914412,-5.54388611518042,0,0,0,0
1069,0,0,-0.78,-5.50959103992016,-5.50036203131659,0,0,0,0
1070,0,0,-0.78,-5.64285037,-5.42938389,0,0,0,0
1071,0,0,-0.78,-5.64285037,-5.42938389,0,0,0,0
1072,0,0,-0.78,-6.411501095,-4.899426915,0,0,0,0
1073,0,0,-0.78,-7.18015182,-4.36946994,0,0,0,0
1074,0,0,-0.78,-7.948802545,-3.839512965,0,0,0,0
1075,0,0,-0.78,-8.71745327,-3.30955599,0,0,0,0
1076,0,0,-0.78,-8.96593373932992,-3.12382836667353,0,0,0,0
1077,0,0,-0.78,-9.06157941679211,-3.01728646452009,0,0,0,0
1078,0,0,-0.78,-9.15536294188079,-2.88978543171454,0,0,0,0
1079,0,0,-0.78,-9.2439737269608,-2.74755314162854,0,0,0,0
1080,0,0,-0.78,-9.32410118439697,-2.59681746763377,0,0,0,0
1081,0,0,-0.78,-9.39243472655414,-2.44380628310187,0,0,0,0
1082,0,0,-0.78,-9.44566376579715,-2.2947474614045,0,0,0,0
1083,0,0,-0.78,-9.48047771449082,-2.15586887591333,0,0,0,0
1084,0,0,-0.78,-9.493565985,-2.0333984,0,0,0,0
1085,0,0,-0.78,-9.493565985,-2.0333984,0,0,0,0
1086,0,0,-0.78,-9.501027975,-1.287197785,0,0,0,0
1087,0,0,-0.78,-9.706830805,-0.555454451666671,0,0,0,0
1088,0,0,-0.78,-9.912633635,0.176288881666663,0,0,0,0
1089,0,0,-0.78,-9.93500788263316,0.298532221533223,0,0,0,0
1090,0,0,-0.78,-9.94265648847817,0.445747702831344,0,0,0,0
1091,0,0,-0.78,-9.93683263138225,0.610314635393984,0,0,0,0
1092,0,0,-0.78,-9.91878949019259,0.784612329054101,0,0,0,0
1093,0,0,-0.78,-9.88978024375644,0.961020093644652,0,0,0,0
1094,0,0,-0.78,-9.85105807092098,1.1319172389986,0,0,0,0
1095,0,0,-0.78,-9.80387615053345,1.28968307494889,0,0,0,0
1096,0,0,-0.78,-9.74948766144106,1.42669691132849,0,0,0,0
1097,0,0,-0.78,-9.68914578249101,1.53533805797036,0,0,0,0
1098,0,0,-0.78,-9.583624435,1.689532315,0,0,0,0
1099,0,0,-0.78,-8.977659675,1.90226462,0,0,0,0
1100,0,0,-0.78,-8.371694915,2.114996925,0,0,0,0
1101,0,0,-0.78,-7.564713195,2.500554845,0,0,0,0
1102,0,0,-0.78,-6.757731475,2.886112765,0,0,0,0
1103,0,0,-0.78,-6.01129449,3.328767295,0,0,0,0
1104,0,0,-0.78,-5.87971809506779,3.38961288041367,0,0,0,0
1105,0,0,-0.78,-5.72382170023959,3.43346740257347,0,0,0,0
1106,0,0,-0.78,-5.55069801829695,3.46055148308271,0,0,0,0
1107,0,0,-0.78,-5.3674397620214,3.47108574354471,0,0,0,0
1108,0,0,-0.78,-5.18113964419448,3.46529080556278,0,0,0,0
1109,0,0,-0.78,-4.99889037759772,3.44338729074024,0,0,0,0
1110,0,0,-0.78,-4.82778467501267,3.4055958206804,0,0,0,0
1111,0,0,-0.78,-4.67491524922086,3.35213701698657,0,0,0,0
1112,0,0,-0.78,-4.54737481300382,3.28323150126208,0,0,0,0
1113,0,0,-0.78,-4.48205853833333,3.23878893333333,0,0,0,0
1114,0,0,-0.78,-3.71989224166667,2.69112731166666,0,0,0,0
1115,0,0,-0.78,-2.957725945,2.14346569,0,0,0,0
1116,0,0,-0.78,-2.19555964833333,1.59580406833333,0,0,0,0
1117,0,0,-0.78,-1.43339335166667,1.04814244666666,0,0,0,0
1118,0,0,-0.78,-1.31943333702132,0.945071427150517,0,0,0,0
1119,0,0,-0.78,-1.22437944300703,0.816683293600363,0,0,0,0
1120,0,0,-0.78,-1.14935892074479,0.66898662057483,0,0,0,0
1121,0,0,-0.78,-1.0954990213556,0.507989982632545,0,0,0,0
1122,0,0,-0.78,-1.06392699596049,0.339701954332138,0,0,0,0
1123,0,0,-0.78,-1.05577009568044,0.170131110232236,0,0,0,0
1124,0,0,-0.78,-1.07215557163647,0.00528602489146737,0,0,0,0
1125,0,0,-0.78,-1.11421067494958,-0.148824727131539,0,0,0,0
1126,0,0,-0.78,-1.18306265674078,-0.286192571278155,0,0,0,0
1127,0,0,-0.78,-1.19659862875,-0.306996886250004,0,0,0,0
1128,0,0,-0.78,-1.7219702025,-1.1144745975,0,0,0,0
1129,0,0,-0.78,-2.22735211368991,-1.89122889739855,0,0,0,0
1130,0,0,-0.78,-2.22735211368991,-1.89122889739855,0,0,0,0
1131,0,0,-0.78,-2.22735211368991,-1.89122889739855,0,0,0,0
1132,0,0,-0.78,-2.22735211368991,-1.89122889739855,0,0,0,0
1133,0,0,-0.78,-2.22735211368991,-1.89122889739855,0,0,0,0
1134,0,0,-0.78,-2.22735211368991,-1.89122889739855,0,0,0,0
1135,0,0,-0.78,-2.22735211368991,-1.89122889739855,0,0,0,0
1136,0,0,-0.78,-2.22735211368991,-1.89122889739855,0,0,0,0
1137,0,0,-0.78,-2.22735211368991,-1.89122889739855,0,0,0,0
1138,0,0,-0.78,-2.24708109693973,-1.9212892654221,0,0,0,0
1139,0,0,-0.78,-2.24710926078577,-1.92062628739776,0,0,0,0
1140,0,0,-0.78,-2.24737299157223,-1.9200028412991,0,0,0,0
1141,0,0,-0.78,-2.24781901308323,-1.91945839374823,0,0,0,0
1142,0,0,-0.78,-2.24839404910289,-1.91903241136728,0,0,0,0
1143,0,0,-0.78,-2.2490448234153,-1.91876436077836,0,0,0,0
1144,0,0,-0.78,-2.2497180598046,-1.91869370860358,0,0,0,0
1145,0,0,-0.78,-2.25036048205488,-1.91885992146508,0,0,0,0
1146,0,0,-0.78,-2.25091881395026,-1.91930246598496,0,0,0,0
1147,0,0,-0.78,-2.4180836460909,-2.11843570604364,0,0,0,0
1148,0,0,-0.78,-2.62486541603346,-2.26696290741627,0,0,0,0
1149,0,0,-0.78,-2.84311164136286,-2.35929038930857,0,0,0,0
1150,0,0,-0.78,-3.06823653992436,-2.41789803951268,0,0,0,0
1151,0,0,-0.78,-3.29565432956324,-2.46526574582072,0,0,0,0
1152,0,0,-0.78,-3.52077922812474,-2.52387339602482,0,0,0,0
1153,0,0,-0.78,-3.73902545345415,-2.61620087791712,0,0,0,0
1154,0,0,-0.78,-3.94580722339671,-2.76472807928975,0,0,0,0
1155,0,0,-0.78,-4.10774936928102,-2.95736137019923,0,0,0,0
1156,0,0,-0.78,-4.10855320474951,-2.9575693452397,0,0,0,0
1157,0,0,-0.78,-4.10939559663143,-2.95748094119729,0,0,0,0
1158,0,0,-0.78,-4.11020988267789,-2.95714554096721,0,0,0,0
1159,0,0,-0.78,-4.11092940063998,-2.95661252744465,0,0,0,0
1160,0,0,-0.78,-4.1114874882688,-2.95593128352479,0,0,0,0
1161,0,0,-0.78,-4.11181748331546,-2.95515119210283,0,0,0,0
1162,0,0,-0.78,-4.11185272353105,-2.95432163607395,0,0,0,0
1163,0,0,-0.78,-4.11152654666667,-2.95349199833334,0,0,0,0
1164,0,0,-0.78,-4.13653875579769,-2.99193488793484,0,0,0,0
1165,0,0,-0.78,-4.13653875579769,-2.99193488793484,0,0,0,0
1166,0,0,-0.78,-4.13653875579769,-2.99193488793484,0,0,0,0
1167,0,0,-0.78,-4.13653875579769,-2.99193488793484,0,0,0,0
1168,0,0,-0.78,-4.13653875579769,-2.99193488793484,0,0,0,0
1169,0,0,-0.78,-4.13653875579769,-2.99193488793484,0,0,0,0
1170,0,0,-0.78,-4.13653875579769,-2.99193488793484,0,0,0,0
1171,0,0,-0.78,-4.13653875579769,-2.99193488793484,0,0,0,0
1172,0,0,-0.78,-4.13653875579769,-2.99193488793484,0,0,0,0
1173,0,0,-0.78,-4.63187557333333,-3.75325023166667,0,0,0,0
1174,0,0,-0.78,-4.79344887591458,-3.97417126780923,0,0,0,0
1175,0,0,-0.78,-4.89882291274617,-4.05842063471635,0,0,0,0
1176,0,0,-0.78,-5.02089623452292,-4.12483222039705,0,0,0,0
1177,0,0,-0.78,-5.15459789322641,-4.17240352353479,0,0,0,0
1178,0,0,-0.78,-5.29485694083822,-4.20013204281301,0,0,0,0
1179,0,0,-0.78,-5.43660242933991,-4.20701527691519,0,0,0,0
1180,0,0,-0.78,-5.57476341071305,-4.19205072452478,0,0,0,0
1181,0,0,-0.78,-5.70426893693922,-4.15423588432523,0,0,0,0
1182,0,0,-0.78,-5.82004806,-4.09256825500001,0,0,0,0
1183,0,0,-0.78,-5.82004806,-4.09256825500001,0,0,0,0
1184,0,0,-0.78,-6.48787152,-3.632128045,0,0,0,0
1185,0,0,-0.78,-7.15569498,-3.171687835,0,0,0,0
1186,0,0,-0.78,-7.82351844,-2.711247625,0,0,0,0
1187,0,0,-0.78,-8.10568989008669,-2.50601758915316,0,0,0,0
1188,0,0,-0.78,-8.17660118748477,-2.4270278770243,0,0,0,0
1189,0,0,-0.78,-8.2461318929516,-2.33249915480012,0,0,0,0
1190,0,0,-0.78,-8.31182755094797,-2.22704874124039,0,0,0,0
1191,0,0,-0.78,-8.37123370593465,-2.11529395510487,0,0,0,0
1192,0,0,-0.78,-8.42189590237242,-2.00185211515331,0,0,0,0
1193,0,0,-0.78,-8.46135968472204,-1.89134054014548,0,0,0,0
1194,0,0,-0.78,-8.48717059744431,-1.78837654884112,0,0,0,0
1195,0,0,-0.78,-8.496874185,-1.69757746,0,0,0,0
1196,0,0,-0.78,-8.496874185,-1.69757746,0,0,0,0
1197,0,0,-0.78,-8.50240647,-1.144347505,0,0,0,0
1198,0,0,-0.78,-8.76583531,-0.207711720000004,0,0,0,0
1199,0,0,-0.78,-8.99255084147711,0.606932384226417,0,0,0,0
1200,0,0,-0.78,-8.99408171328855,0.636397624941557,0,0,0,0
1201,0,0,-0.78,-8.99291606599626,0.669335765991987,0,0,0,0
1202,0,0,-0.78,-8.98930472386697,0.70422152301457,0,0,0,0
1203,0,0,-0.78,-8.98349851116737,0.739529611646171,0,0,0,0
1204,0,0,-0.78,-8.97574825216417,0.77373474752365,0,0,0,0
1205,0,0,-0.78,-8.96630477112407,0.805311646283872,0,0,0,0
1206,0,0,-0.78,-8.95541889231378,0.8327350235637,0,0,0,0
1207,0,0,-0.78,-8.94334144,0.854479594999995,0,0,0,0
1208,0,0,-0.78,-8.94334144,0.854479594999995,0,0,0,0
1209,0,0,-0.78,-8.46637411,1.02192557,0,0,0,0
1210,0,0,-0.78,-7.98940678,1.189371545,0,0,0,0
1211,0,0,-0.78,-7.13780234,1.596249205,0,0,0,0
1212,0,0,-0.78,-6.2861979,2.003126865,0,0,0,0
1213,0,0,-0.78,-5.790365365,2.29716712,0,0,0,0
1214,0,0,-0.78,-5.70286779320313,2.33755321166552,0,0,0,0
1215,0,0,-0.78,-5.59969283637687,2.36619320258524,0,0,0,0
1216,0,0,-0.78,-5.48545826051979,2.383289942393,0,0,0,0
1217,0,0,-0.78,-5.36478183163048,2.38904628072263,0,0,0,0
1218,0,0,-0.78,-5.24228131570753,2.38366506720795,0,0,0,0
1219,0,0,-0.78,-5.12257447874952,2.36734915148281,0,0,0,0
1220,0,0,-0.78,-5.01027908675504,2.34030138318103,0,0,0,0
1221,0,0,-0.78,-4.91001290572267,2.30272461193644,0,0,0,0
1222,0,0,-0.78,-4.82639370165101,2.25482168738289,0,0,0,0
1223,0,0,-0.78,-4.641652352,2.122074087,0,0,0,0
1224,0,0,-0.78,-3.988771874,1.652940799,0,0,0,0
1225,0,0,-0.78,-3.335891396,1.183807511,0,0,0,0
1226,0,0,-0.78,-2.683010918,0.714674222999996,0,0,0,0
1227,0,0,-0.78,-2.58539144942923,0.626382393921893,0,0,0,0
1228,0,0,-0.78,-2.50396718276094,0.516403631712183,0,0,0,0
1229,0,0,-0.78,-2.43970373436544,0.389884950932145,0,0,0,0
1230,0,0,-0.78,-2.39356672061306,0.251973366143057,0,0,0,0
1231,0,0,-0.78,-2.3665217578741,0.107815891906198,0,0,0,0
1232,0,0,-0.78,-2.35953446251889,-0.0374404572171518,0,0,0,0
1233,0,0,-0.78,-2.37357045091774,-0.178648666665715,0,0,0,0
1234,0,0,-0.78,-2.40959533944098,-0.310661721878211,0,0,0,0
1235,0,0,-0.78,-2.4685747444589,-0.428332608293363,0,0,0,0
1236,0,0,-0.78,-2.52546725753564,-0.51577440873184,0,0,0,0
1237,0,0,-0.78,-2.52546725753564,-0.51577440873184,0,0,0,0
1238,0,0,-0.78,-2.52546725753564,-0.51577440873184,0,0,0,0
1239,0,0,-0.78,-2.52546725753564,-0.51577440873184,0,0,0,0
1240,0,0,-0.78,-2.52546725753564,-0.51577440873184,0,0,0,0
1241,0,0,-0.78,-2.52546725753564,-0.51577440873184,0,0,0,0
1242,0,0,-0.78,-2.52546725753564,-0.51577440873184,0,0,0,0
1243,0,0,-0.78,-2.52546725753564,-0.51577440873184,0,0,0,0
1244,0,0,-0.78,-2.52546725753564,-0.51577440873184,0,0,0,0
1245,0,0,-0.78,-2.55016354754908,-0.553412923767444,0,0,0,0
1246,0,0,-0.78,-2.55019868012936,-0.552608886055393,0,0,0,0
1247,0,0,-0.78,-2.55051996865482,-0.551853070561151,0,0,0,0
1248,0,0,-0.78,-2.55106251737278,-0.551193362648683,0,0,0,0
1249,0,0,-0.78,-2.55176143053053,-0.550677647681954,0,0,0,0
1250,0,0,-0.78,-2.5525518123754,-0.550353811024929,0,0,0,0
1251,0,0,-0.78,-2.55336876715468,-0.550269738041574,0,0,0,0
1252,0,0,-0.78,-2.5541473991157,-0.550473314095854,0,0,0,0
1253,0,0,-0.78,-2.55482281250577,-0.551012424551734,0,0,0,0
1254,0,0,-0.78,-2.71675764929833,-0.745396838217071,0,0,0,0
1255,0,0,-0.78,-2.92451622523304,-0.89581452509628,0,0,0,0
1256,0,0,-0.78,-3.14403778986203,-0.989657395828331,0,0,0,0
1257,0,0,-0.78,-3.37061714770759,-1.04955537687209,0,0,0,0
1258,0,0,-0.78,-3.59954910329201,-1.09813839468641,0,0,0,0
1259,0,0,-0.78,-3.82612846113757,-1.15803637573017,0,0,0,0
1260,0,0,-0.78,-4.04565002576656,-1.25187924646222,0,0,0,0
1261,0,0,-0.78,-4.25340860170126,-1.40229693334143,0,0,0,0
1262,0,0,-0.78,-4.4045006878594,-1.58328511190935,0,0,0,0
1263,0,0,-0.78,-4.40559202436422,-1.58357044566215,0,0,0,0
1264,0,0,-0.78,-4.40673707442386,-1.58345260832631,0,0,0,0
1265,0,0,-0.78,-4.40784487965561,-1.5829987163938,0,0,0,0
1266,0,0,-0.78,-4.40882448167672,-1.58227588635659,0,0,0,0
1267,0,0,-0.78,-4.40958492210445,-1.58135123470663,0,0,0,0
1268,0,0,-0.78,-4.41003524255606,-1.58029187793591,0,0,0,0
1269,0,0,-0.78,-4.41008448464883,-1.57916493253638,0,0,0,0
1270,0,0,-0.78,-4.40964169,-1.578037515,0,0,0,0
1271,0,0,-0.78,-4.44469899346396,-1.63191936282666,0,0,0,0
1272,0,0,-0.78,-4.44469899346396,-1.63191936282666,0,0,0,0
1273,0,0,-0.78,-4.44469899346396,-1.63191936282666,0,0,0,0
1274,0,0,-0.78,-4.44469899346396,-1.63191936282666,0,0,0,0
1275,0,0,-0.78,-4.44469899346396,-1.63191936282666,0,0,0,0
1276,0,0,-0.78,-4.44469899346396,-1.63191936282666,0,0,0,0
1277,0,0,-0.78,-4.44469899346396,-1.63191936282666,0,0,0,0
1278,0,0,-0.78,-4.44469899346396,-1.63191936282666,0,0,0,0
1279,0,0,-0.78,-4.44469899346396,-1.63191936282666,0,0,0,0
1280,0,0,-0.78,-4.9199456225,-2.36235679,0,0,0,0
1281,0,0,-0.78,-5.06021706531002,-2.54967756502314,0,0,0,0
1282,0,0,-0.78,-5.16889726455157,-2.63657029732925,0,0,0,0
1283,0,0,-0.78,-5.29480069702886,-2.70506557918896,0,0,0,0
1284,0,0,-0.78,-5.43269731122683,-2.75412945531704,0,0,0,0
1285,0,0,-0.78,-5.57735705563043,-2.78272797042826,0,0,0,0
1286,0,0,-0.78,-5.7235498787246,-2.78982716923739,0,0,0,0
1287,0,0,-0.78,-5.86604572899429,-2.77439309645921,0,0,0,0
1288,0,0,-0.78,-5.99961455492444,-2.73539179680849,0,0,0,0
1289,0,0,-0.78,-6.119026305,-2.671789315,0,0,0,0
1290,0,0,-0.78,-6.119026305,-2.671789315,0,0,0,0
1291,0,0,-0.78,-6.807803055,-2.196902565,0,0,0,0
1292,0,0,-0.78,-6.99431227672426,-2.05439780832439,0,0,0,0
1293,0,0,-0.78,-7.08666611138371,-1.95152276410525,0,0,0,0
1294,0,0,-0.78,-7.17722188306624,-1.82840994080844,0,0,0,0
1295,0,0,-0.78,-7.2627829448853,-1.69107286673045,0,0,0,0
1296,0,0,-0.78,-7.34015264995437,-1.54552507016778,0,0,0,0
1297,0,0,-0.78,-7.40613435138691,-1.39778007941691,0,0,0,0
1298,0,0,-0.78,-7.45753140229638,-1.25385142277433,0,0,0,0
1299,0,0,-0.78,-7.49114715579626,-1.11975262853653,0,0,0,0
1300,0,0,-0.78,-7.503784965,-1.001497225,0,0,0,0
1301,0,0,-0.78,-7.503784965,-1.001497225,0,0,0,0
1302,0,0,-0.78,-7.670363805,-0.409216975000005,0,0,0,0
1303,0,0,-0.78,-7.77746069259817,-0.0119637426419839,0,0,0,0
1304,0,0,-0.78,-7.77603877833782,0.0296836118710389,0,0,0,0
1305,0,0,-0.78,-7.76746651572713,0.0721112410060941,0,0,0,0
1306,0,0,-0.78,-7.75248038744994,0.113902776586769,0,0,0,0
1307,0,0,-0.78,-7.73181687619005,0.153641850436651,0,0,0,0
1308,0,0,-0.78,-7.7062124646313,0.189912094379327,0,0,0,0
1309,0,0,-0.78,-7.67640363545749,0.221297140238385,0,0,0,0
1310,0,0,-0.78,-7.64312687135245,0.246380619837412,0,0,0,0
1311,0,0,-0.78,-7.607118655,0.263746164999995,0,0,0,0
1312,0,0,-0.78,-7.607118655,0.263746164999995,0,0,0,0
1313,0,0,-0.78,-6.71089149,0.691943564999995,0,0,0,0
1314,0,0,-0.78,-5.814664325,1.120140965,0,0,0,0
1315,0,0,-0.78,-5.73213225414074,1.15823514055899,0,0,0,0
1316,0,0,-0.78,-5.63481249234022,1.18524980834777,0,0,0,0
1317,0,0,-0.78,-5.52706074663365,1.20137630623274,0,0,0,0
1318,0,0,-0.78,-5.41323272405622,1.20680597208029,0,0,0,0
1319,0,0,-0.78,-5.29768413164316,1.20173014375684,0,0,0,0
1320,0,0,-0.78,-5.18477067642966,1.18634015912877,0,0,0,0
1321,0,0,-0.78,-5.07884806545094,1.1608273560625,0,0,0,0
1322,0,0,-0.78,-4.9842720057422,1.12538307242441,0,0,0,0
1323,0,0,-0.78,-4.90539820433865,1.08019864608093,0,0,0,0
1324,0,0,-0.78,-4.69432485166667,0.928529941666662,0,0,0,0
1325,0,0,-0.78,-4.04167933833333,0.459565488333329,0,0,0,0
1326,0,0,-0.78,-3.389033825,-0.00939896500000481,0,0,0,0
1327,0,0,-1.23,-14.35,8.89,0,0,0,0
1328,0,0,-1.2,-13.35,8.97,0,0,0,0
1329,0,0,-1.17,-12.37,9.19,0,0,0,0
1330,0,0,-1.14,-11.43,9.52,0,0,0,0
1331,0,0,-1.11,-10.53,9.95,0,0,0,0
1332,0,0,-1.08,-9.67,10.46,0,0,0,0
1333,0,0,-1.05,-8.86,11.05,0,0,0,0
1334,0,0,-1.02,-8.12,11.72,0,0,0,0
1335,0,0,-0.99,-7.44,12.45,0,0,0,0
1336,0,0,-0.97,-6.83,13.24,0,0,0,0
1337,0,0,-0.94,-6.18,14.31,0,0,0,0
1338,0,0,-0.71,10.2,2.54,0,0,0,0
1339,0,0,-0.97,-2.65,-17.21,0,0,0,0
1340,0,0,-1.1,-18.88,-6.02,0,0,0,0
1341,0,0,-1.11,-18.22,-5.27,0,0,0,0
1342,0,0,-1.14,-17.73,-4.4,0,0,0,0
1343,0,0,-1.16,-17.48,-3.43,0,0,0,0
1344,0,0,-1.19,-17.49,-2.43,0,0,0,0
1345,0,0,-1.21,-17.76,-1.47,0,0,0,0
1346,0,0,-1.24,-18.27,-0.61,0,0,0,0
1347,0,0,-1.26,-18.96,0.12,0,0,0,0
1348,0,0,-0.85,-19.9,0.78,0,0,0,0
1349,0,0,-1.23,-14.35,8.89,0,0,0,0
